start,duration
367,190
557,297
954,169
1211,148
1359,124
1659,117
1864,116
1980,118
2098,119
2217,114
2331,119
2538,114
2740,118
3033,118
3151,116
3267,116
3383,117
3588,116
3793,116
4178,116
4470,116
4763,114
5052,116
5428,117
5545,116
5661,118
5779,119
5986,116
6102,117
6219,116
6335,116
6539,117
6831,117
7123,113
7498,115
7613,121
7819,119
8113,120
8408,116
8787,114
9166,115
9543,115
10009,114
10390,126
10866,115
11334,119
11892,122
12277,116
12830,124
13307,112
13419,117
13536,116
13652,121
13860,119
13979,114
14093,120
14300,118
14418,116
14534,120
14741,118
14859,116
15063,117
15268,116
15561,122
15857,116
16237,117
16703,116
17180,114
17733,123
18118,120
18588,122
19237,124
19622,116
20181,118
20299,115
20414,118
20532,117
20649,120
20861,114
20975,119
21094,116
21298,118
21416,119
21535,116
21651,119
21770,117
21976,115
22091,117
22296,117
22501,118
22707,118
22825,117
22942,118
23060,115
23175,119
23381,118
23587,115
23964,117
24256,117
24549,123
24934,117
25488,118
25956,117
26073,115
26188,118
26306,116
26510,119
26891,117
27276,116
27745,112
27945,116
28061,117
28178,120
28386,116
28502,121
28623,112
28735,121
28944,116
29235,120
29530,124
30004,118
30560,116
31028,125
31153,116
31269,116
31473,117
31590,120
31710,113
31823,118
31941,118
32147,115
32436,120
32821,117
33290,116
33935,125
34413,116
34529,118
34647,115
35030,117
35409,115
35964,116
36080,117
36197,116
36313,119
36606,116
36986,115
37452,117
37656,119
37775,114
37889,120
38009,116
38125,120
38330,116
38446,120
38566,117
38683,128
38899,119
39018,118
39136,117
39253,115
39545,120
40014,120
40660,115
41389,115
42205,115
43109,117
44115,125
44240,118
44358,118
44564,117
44681,116
44885,116
45001,119
45120,114
45322,118
45440,115
45555,118
45761,119
45880,116
45996,116
46208,115
46409,120
46705,113
46995,115
47459,119
48373,125
49375,115
49490,118
49608,117
49903,114
50017,116
50133,119
50339,120
50459,115
50574,119
50780,119
50899,115
51014,118
51220,116
51425,116
51541,116
51657,118
51775,115
51978,118
52183,115
52475,115
52764,116
53229,122
54153,123
55165,117
55282,116
55398,120
55518,119
55637,120
55847,112
55959,119
56078,118
56196,117
56401,118
56519,118
56637,117
56754,115
57046,120
57516,115
58509,117
58626,118
58744,115
58946,119
59065,114
59179,120
59386,118
59504,116
59620,120
59740,116
59941,120
60061,116
60266,115
60381,117
60587,116
60703,119
60997,115
61199,119
61318,118
61611,122
61821,120
62026,119
62232,119
62351,115
62466,117
62583,112
62695,119
62903,113
63104,120
63309,119
63603,113
63978,124
64277,120
64397,119
64516,116
64632,120
64752,116
64957,115
65072,117
65189,120
65394,116
65686,124
65987,114
66101,115
66216,119
66422,119
66541,115
66656,115
66771,114
66973,118
67266,117
67645,115
67935,124
68059,115
68174,118
68380,117
68761,116
69138,124
69612,116
70518,114
71508,114
71622,118
71740,117
71857,118
71975,121
72183,115
72298,118
72679,116
73058,113
73439,126
73914,124
74916,114
75030,118
75148,121
75269,116
75562,122
76034,124
77047,119
77166,116
77282,119
77488,119
77607,116
77723,119
77842,115
77957,118
78163,117
78280,118
78398,115
78513,118
78719,118
78837,117
78954,118
79072,115
79187,119
79306,116
79422,121
79628,115
79743,120
79948,120
80154,119
80449,121
80834,116
81124,119
81243,116
81359,117
81476,116
81680,118
81973,120
82358,115
82648,118
82766,115
82881,118
83175,114
83557,126
83945,113
84414,118
85332,117
85713,124
86282,125
86407,116
86523,116
86639,121
87024,116
87405,116
87959,114
88073,119
88279,117
88396,118
88514,115
88629,119
88748,117
88953,116
89069,116
89185,119
89391,119
89510,116
89626,125
89751,120
89958,114
90072,119
90191,117
90397,116
90601,116
90805,117
91098,116
91563,117
91855,117
91972,116
92088,117
92293,120
92413,113
92526,118
92734,116
93025,122
93499,117
93788,121
93909,116
94113,117
94230,118
94348,118
94466,116
94669,118
94963,121
95524,115
95813,119
95932,118
96050,124
96262,120
96559,112
97109,126
97409,114
97523,118
97641,115
97931,124
98323,115
98788,124
99714,116
100091,116
100563,126
101478,121
101866,118
102421,114
102535,118
102653,120
102861,115
102976,118
103094,117
103211,118
103417,118
103535,117
103652,118
103858,118
103976,117
104093,116
104297,116
104501,117
104792,119
105173,123
105296,116
105412,116
105616,119
105909,116
106376,115
106666,117
106783,114
106897,135
107032,119
107151,117
107268,118
107473,119
107592,117
107709,118
107914,116
108210,120
108771,124
109070,115
109449,124
109923,116
110829,116
111297,113
111410,118
111528,123
111738,117
111855,116
111971,119
112090,118
112208,116
112410,119
112529,116
112645,120
112851,115
112966,119
113085,117
113291,115
113493,118
113699,117
113992,116
114377,116
114493,117
114610,119
114816,115
115106,125
115584,114
115873,126
115999,114
116113,120
116233,116
116349,120
116469,113
116670,120
116790,117
116907,114
117111,116
117227,117
117344,118
117552,113
117752,121
117958,119
118252,114
118805,115
119096,116
119567,119
119686,116
119802,116
120006,117
120123,119
120329,118
120447,116
120563,116
120768,117
121060,124
121622,124
122007,120
122301,115
122416,118
122534,119
122915,114
123294,124
123770,113
124328,116
124444,117
124561,118
124679,121
124889,113
125002,118
125120,119
125239,116
125443,118
125561,119
125944,119
126325,117
126792,114
127696,116
128162,115
128277,119
128396,118
128514,120
128634,117
128839,116
128955,117
129336,124
129721,118
130278,115
130393,118
130599,116
130715,119
130834,118
130952,116
131068,116
131273,116
131389,120
131509,116
131625,117
131829,117
131946,116
132062,117
132179,118
132472,115
132676,117
132793,115
132908,120
133113,120
133320,114
133610,116
133991,112
134280,120
134400,117
134517,119
134898,115
135364,115
136281,124
136673,115
137138,125
138140,117
138257,116
138373,119
138580,114
138694,119
138813,118
138931,116
139135,119
139254,118
139724,113
140101,122
140223,119
140342,116
140458,119
140577,118
140783,116
140899,117
141461,126
141587,114
141701,119
141820,118
141938,116
142142,119
142348,115
142463,118
142581,119
142788,114
142902,119
143108,115
143223,118
143604,114
143718,120
144099,124
144223,117
144692,113
144893,120
145013,116
145306,122
145516,118
145634,117
145927,112
146303,122
146513,120
146633,116
147018,124
147230,117
147347,119
147816,116
147932,117
148313,122
148435,119
148991,115
149106,117
149485,115
149688,118
149806,118
150362,116
150478,117
150859,115
1265041,23306
1288438,133
1288571,141
1288992,105
1289097,143
1289338,102
1289440,140
1289580,121
1289701,129
1289830,129
1289959,137
1290096,139
1290235,117
1290352,110
1290462,108
1290570,102
1290672,105
1290777,101
1290878,115
1291084,140
1291224,170
1291394,109
1291503,128
1291727,133
1291860,176
1292136,140
1292276,149
1292521,134
1292754,140
1292894,830
1293818,115
1294024,125
1294149,102
1294434,136
1294570,130
1294887,119
1295006,121
1295308,140
1295448,132
1295761,116
1295970,126
1296096,641
1296737,122
1297038,114
1297240,119
1297359,114
1297653,120
1297860,118
1297978,117
1298361,118
1298479,116
1298595,116
1298711,119
1298830,114
1298944,117
1299061,116
1299265,113
1299473,119
1299678,114
1299879,119
1300085,118
1300379,120
1300765,116
1301061,116
1301177,120
1301297,113
1301410,117
1301527,120
1301735,116
1301851,117
1302144,120
1302529,115
1303001,125
1303475,116
1304032,117
1304149,115
1304264,117
1304381,114
1304585,117
1304702,116
1304818,113
1305019,118
1305137,115
1305252,115
1305467,125
1305592,116
1305797,115
1306087,122
1306386,124
1306510,116
1306626,115
1306741,114
1306855,101
1307049,115
1307164,116
1307368,115
1307657,126
1308134,118
1308427,112
1308539,116
1308655,116
1308859,115
1308974,114
1309088,117
1309292,117
1309586,115
1310142,115
1310344,119
1310639,113
1310929,124
1311317,124
1311793,114
1312348,124
1312472,116
1312588,114
1312965,120
1313346,124
1313911,125
1314036,116
1314238,115
1314353,119
1314472,115
1314587,114
1314701,117
1314914,121
1315035,115
1315150,117
1315354,115
1315469,114
1315583,117
1315788,120
1315908,115
1316023,118
1316318,115
1316522,120
1316818,112
1317195,125
1317320,115
1317435,119
1317641,124
1317941,120
1318498,113
1318698,121
1318991,127
1319644,113
1319932,118
1320313,113
1320513,119
1320632,115
1320747,117
1320948,126
1321074,115
1321189,119
1321570,114
1321858,128
1322337,119
1322456,115
1322571,115
1322773,119
1322892,117
1323009,116
1323213,113
1323326,114
1323440,115
1323819,117
1324204,124
1324592,117
1325062,122
1325627,128
1325755,113
1325955,126
1326081,115
1326285,115
1326400,117
1326517,112
1326717,121
1326838,112
1326950,117
1327329,122
1327720,112
1328186,124
1328847,124
1329236,116
1329793,116
1329909,114
1330110,116
1330490,125
1330878,114
1330992,116
1331108,112
1331220,101
1331412,117
1331529,112
1331641,117
1331846,114
1331960,118
1332078,116
1332456,119
1332575,116
1332691,113
1332892,112
1333004,119
1333213,116
1333329,117
1333533,121
1333654,112
1333859,119
1334065,118
1334359,113
1334736,124
1334860,117
1334977,116
1335093,115
1335297,117
1335589,113
1336144,120
1336350,114
1336639,126
1337291,115
1337583,113
1337696,116
1337812,115
1338014,119
1338133,128
1338261,114
1338465,113
1338754,122
1339405,126
1339793,115
1340081,126
1340207,115
1340322,116
1340438,112
1340550,116
1340754,117
1340871,116
1341075,116
1341364,119
1341657,114
1341771,114
1341885,117
1342002,112
1342202,117
1342319,115
1342434,121
1342640,115
1342932,114
1343575,115
1343958,120
1344255,114
1344369,115
1344750,126
1345139,114
1345607,126
1346172,115
1346374,118
1346492,124
1346616,119
1346735,114
1346849,116
1347054,115
1347169,117
1347286,112
1347486,120
1347606,113
1347719,117
1348098,126
1348489,112
1348954,124
1349521,126
1349910,115
1350025,112
1350137,116
1350341,117
1350458,115
1350573,117
1350778,120
1350898,116
1351014,113
1351304,124
1351692,115
1352157,117
1352711,116
1353180,116
1353296,116
1353412,113
1353613,118
1353731,119
1353850,111
1354050,117
1354167,115
1354282,117
1354573,115
1355042,126
1355605,113
1356251,125
1356638,115
1356753,115
1356868,117
1357073,116
1357274,119
1357393,117
1357510,112
1357710,121
1357831,112
1357943,117
1358322,119
4597454,14459
5265056,4981
5271241,244
5313859,701
7812453,2219
9175647,1924
9264933,4404
9271758,379
9273687,235
9311416,606
10146826,165
10321463,380
10323402,225
11460169,149
11548401,391
11550324,225
13264969,5916
13278197,374
13278571,158
13279653,271
13311393,599
13507469,153
13525411,389
13527347,227
14650670,13130
14728381,11851
15204154,16791
16136246,11623
17264989,2831
17268749,257
17270307,134
17281740,17472
17317894,412
18504248,13974
18534035,11368
21139597,16994
21264960,2420
21271616,261
21273185,146
21281114,17329
21319441,632
22481912,13663
22510932,11336
25264931,10444
25281653,17063
25317501,596
26484365,14072
27631578,18736
27945332,16983
29264928,100971
29365899,101
31376222,13816
33264947,2649
33267840,412
33269854,267
33270952,149
33279696,16935
33569686,132
33579626,326
33581269,171
34823504,13890
37264942,4612
37270203,147
37280861,17115
37542323,16687
38047478,300
38049032,197
39514973,14085
40654623,17197
41264927,4263
41274001,296
41275590,182
41304571,4197
42519205,13409
42753382,5364
43205261,16799
45264955,3084
45268527,327
47369019,13390
47657128,11065
47921850,16163
47979490,15951
47995696,154
48129933,16542
49264965,2142
49305751,450
49549509,120
49566569,291
49568073,173
51473848,13140
51487288,143
51713328,11172
51828069,16310
52089414,16382
52238942,2366
53050302,13271
53264912,9547
53274632,144
53280528,16700
53625874,116
53637073,294
53638568,197
54488673,13515
54891318,10896
57264950,3714
57281091,16601
57319596,624
57482920,16501
58502498,13032
59331535,16217
60499152,10780
61244644,16251
61264957,1870
61278661,16646
62496861,13463
62539412,10958
65264931,1597
65296907,16771
65316332,368
66369570,140
66448771,285
66450290,198
66511953,13174
67587177,11013
67827264,17282
68198546,16182
69264940,2439
69279778,16453
69317842,735
70483628,13187
70648240,10700
71033696,255
71034973,134
72894882,16352
73264913,2468
73269440,246
73270402,148
73272239,580
73280962,16326
73682302,135
73692677,285
73694103,174
75440221,13334
75983280,16035
76130178,2489
76165024,15417
76963371,13038
77160551,10681
77264954,2969
77277702,15928
77812105,15807
78643133,10843
81234673,16410
81264922,2035
82465668,10914
82560353,15921
82819459,10664
83606497,15913
83870709,4806
84144363,16128
84763277,13146
85099373,16002
85264914,2719
86487850,13198
86519858,16217
86667261,1962
87829619,16112
89264954,2831
89809165,2589
90476674,13148
90748762,10635
91450410,16109
92385081,10566
92737436,16015
93071722,263
93072981,145
93264930,3288
93279938,16090
93738504,132
93750182,303
93751571,172
95638521,12905
95735488,10602
95938068,16220
95998369,10714
96080240,16217
97264939,3015
97280847,16032
97842126,17652
98484996,12912
98508652,10573
101138181,16065
101264944,2040
101279907,16029
102489639,13046
102894203,10775
105264926,1825
105281489,16094
106492429,13131
106514211,10795
108304739,15895
108400386,15908
109264927,2515
110467425,12838
110821260,10609
110850876,16142
110950580,10707
112194735,15683
112577185,262
112578424,143
113264959,3593
113278990,16213
113795893,134
113805981,298
113807324,197
114487100,13030
115782724,10575
117264933,1895
117278519,16042
118508687,10557
120583244,15647
121236373,241
121237564,164
121264924,2257
121278552,16148
122496767,13078
122518511,10798
125264957,2028
125280442,16308
126476862,13141
126498677,10717
128522959,15793
128639518,5038
129264924,1958
129289023,16278
130499692,13153
130915455,10500
131749315,244
131750498,141
132118124,15987
133264902,2855
133271636,242
133272562,145
133280501,16319
133305503,13136
133860099,240
133861317,148
134079646,16130
134479834,13104
135260544,10759
137264942,8432
137279511,16018
138486883,10831
139134670,220
139135844,147
141234848,15822
141264924,2552
141279688,16370
142487454,12879
142509002,10560
144722182,1669
144861632,15893
145264899,2155
145278274,16255
145954490,12884
146476300,10434
148556253,16165
148674537,16295
149264938,3636
149662131,118
149673476,284
149674811,173
150451358,13142
150955521,10554
152665830,228
152667019,133
153264956,2706
153269359,226
153270240,143
153280113,16355
153906807,116
153916862,288
153918184,174
154505438,13076
155349621,10463
157264926,1982
157278476,16263
158488732,10601
159567966,15848
160732619,10454
161235845,15982
161264942,1948
161280119,16056
162490216,13046
162635413,236
162636620,143
164077901,10734
164389813,15758
164676077,15861
164820977,2292
164847616,6556
165264946,3402
166430933,12865
166478841,10661
168792235,16179
169264968,2277
169279848,16028
170512265,13136
171035105,10782
173264932,3022
173278029,16134
173972633,240
173973853,149
174338307,16097
174486410,12817
174749819,5171
174874178,16152
175629449,2256
176645194,13100
176746751,10570
177264957,2099
177278499,16173
178487644,10505
181239028,16175
181264910,2123
181279932,16006
182475619,12888
182584872,10514
185264943,2168
185278775,16025
186437521,12866
186498997,10563
188926992,15988
189264944,1831
189280059,15995
190354286,116
190424547,272
190425871,173
190478751,12912
191279472,10858
193264908,2598
193269806,223
193270971,138
193279185,16140
194027045,241
194028238,156
194371961,15969
194473049,13143
195601094,10747
197199302,16034
197264922,2197
197306919,15789
197677099,12925
198042456,16185
198523860,12893
199448130,10786
201190982,16062
201264948,1659
201278369,15899
203065692,13115
203394282,10628
204327282,16015
205264920,2452
205279730,16208
206436503,12864
206476655,10773
207527566,15897
209264936,2166
209281565,16191
209586468,116
209655254,278
209656560,183
210254092,101
210486389,13144
210727830,237
210729044,149
210980765,16109
211100867,12916
211354701,10862
213264937,3170
213269851,230
213271018,135
213278711,16055
213899063,12833
214073659,112
214081488,237
214082709,143
214222950,16463
214487737,12819
215662391,10580
216642265,5533
217132956,15772
217159584,240
217160499,144
217264919,3540
217269648,242
217270867,144
217280209,16203
219304760,13053
219434655,10802
219611783,16123
219641948,10554
220713767,16154
221024889,10768
221139351,15988
221264914,2650
221268812,247
221270032,153
221278426,16123
222475617,13171
222510099,10685
225264937,2440
225268287,228
225269452,144
225280140,16384
226488201,13175
226510022,10812
229011608,15933
229184248,15938
229264942,3364
229269370,282
229270698,172
230449800,13105
231276798,10757
231944920,15930
232138217,16139
233264922,5506
233272458,286
233273771,173
234128801,108
234138347,277
234139679,173
235801123,13002
237264926,3102
237268966,236
237270170,143
237281548,16103
238484768,13166
238743302,15772
239490409,12831
240112421,10729
241010024,15898
241264947,3119
241268768,241
241269957,152
241280243,15928
242531470,13095
242639505,16353
243516682,13059
244214233,10715
244255731,16078
245264929,3249
245270724,241
245271932,144
245280607,15946
246495689,13153
246919257,305
246920539,119
247396421,10652
247720795,15889
248942142,10424
249137157,15905
249264925,2847
249268969,242
249269906,142
249277186,15810
249769933,140
249781538,272
249782854,173
251499107,12945
251527741,10755
253264938,2858
253268767,224
253269934,133
253291914,16279
254195010,287
254196345,173
254501563,12566
254637906,15770
255661924,15767
255867145,12779
256983869,10502
257264957,2412
257282731,16136
258484309,13041
259377825,10419
259661951,15793
260289615,122
261222841,15943
261264925,2943
262495031,13055
263820394,10377
265264933,2090
265281813,16124
266498863,12800
267144833,16116
267942606,12690
269264917,2624
269299749,16211
270978748,12894
271554000,10571
273264916,1887
273281089,16138
274241264,101
274252133,281
274253441,183
274488169,13123
276051125,10426
276514028,15919
277264949,2596
277282399,16082
278521590,13007
278603423,10684
279770392,16254
280433862,16044
280718438,145
280739632,276
280740957,186
281000410,108
281008063,282
281009081,177
281264896,4502
281270659,282
281271996,175
282498880,12843
283669305,10578
283758726,15957
284477372,16222
285221882,118
285264965,3981
285268946,313
285330430,298
285331780,171
286410017,275
286411350,174
286626476,12799
287497491,16188
287625403,13009
287909485,16085
288321662,12800
289264940,2814
289280724,16080
291523668,12891
293264955,4278
293280884,16318
294298068,108
294309549,275
294310869,173
294506895,13084
294852925,16467
296083194,13133
297264927,2930
297279782,16094
298480094,13150
301237453,16116
301264945,2733
302990570,12979
305264943,2157
305278342,16024
306495294,12802
309264927,2180
309298189,16443
309423555,118
309441090,296
309442415,176
311727726,13196
313264937,2861
313280894,16387
314366056,281
314367384,173
314709627,13105
315078126,16349
317264952,3196
318479108,13206
318683568,16035
319899365,12924
320714827,16359
321078131,117
321102838,275
321104156,172
321264963,3351
323576022,13246
325264920,2525
325279790,16367
326504084,13270
327244310,16406
327269287,13408
327329170,16217
329045525,13261
329264949,2497
329280726,16048
331685203,13071
333264949,2581
334425484,240
334426690,145
335203992,16074
336922828,12962
337264927,3006
337278246,16056
338453114,12922
341139928,16528
341264937,2922
343926982,13308
345098067,16169
345264953,3090
349264920,3047
349878011,109
349890223,283
349891549,171
351767356,12984
353264933,3649
353279901,16139
354478484,283
354479820,171
355086017,12831
355332877,16333
357264950,3124
358492821,12764
360110574,15767
361264966,2707
362449625,12789
362509552,10686
362685420,15718
363111663,15903
364508464,13048
364770042,10586
365247833,15949
365264921,2136
365279004,16153
366509518,12849
368315289,15816
369264942,2656
371598680,13103
373264966,2205
373280937,16419
374524527,108
374533903,302
374535254,172
374595774,13127
374951894,15939
375372210,306
375373567,172
376532469,12828
377264918,3456
377281094,16094
377436042,277
377437372,278
377687240,284
377688554,197
377756690,126
377840346,275
377841662,181
377916281,117
377958182,284
377959532,177
378061511,4215
378257680,116
378294853,233
378301599,333
378302954,197
378321342,122
378385460,277
378386773,206
379598893,13170
379620702,16131
379701391,116
379718648,277
379719998,174
380861825,13020
381160990,246
381162192,153
381264942,4753
381280132,16043
382519948,13234
385264954,2738
385279315,16114
386546899,12843
389264935,2446
389279406,16250
391904751,13157
393264970,2425
393282354,16337
394508819,13046
394580855,105
394592804,241
394593997,143
395433486,16418
396396230,117
396406769,309
396408128,193
397264936,3186
398733554,13132
398835569,10591
399232995,15737
400843482,10527
401138936,16369
401264913,2096
401279490,16070
402500598,13097
402833677,10772
403025399,16084
403518152,10549
403770919,16409
404252117,10885
404780766,16056
405168736,16278
405264939,2759
406472768,13242
406494665,10654
409264951,1952
409282460,16158
409924149,143
410005323,274
410006654,172
410491354,12821
411051096,103
411078121,237
411079339,144
411426717,16150
411684460,12923
412314515,10561
412592935,297
412593897,136
413264918,5018
413270566,224
413271724,139
413297864,16141
414515119,12926
414646827,230
414647995,135
415665649,16083
416889296,10787
417264926,2618
417268553,228
417269713,137
417279944,16067
418476130,13253
418504959,10753
418676035,16040
418957810,10497
420064393,15756
420094850,10611
421138626,16203
421264938,2910
421268979,246
421270190,153
421279020,16055
422495272,12836
422535186,10513
425264911,2527
425269957,223
425271114,139
425281611,16098
426491928,12865
426513451,10812
429264936,2467
429268448,228
429269610,143
429281128,16151
430137442,124
430143015,280
430144313,173
432042811,13096
432650263,10755
433264948,2853
433269163,263
433270362,138
433281037,16125
433297162,213
434501810,12603
434694398,110
434701219,224
434702378,139
435684830,16297
435793831,16369
436206653,12910
436936119,10736
437264914,2810
437269881,226
437271062,133
437279888,16217
438504926,12926
438526522,10546
438640830,16051
439427749,10585
441138420,15881
441264930,12233
441281244,16250
442506046,13175
442527851,10792
445264939,2252
445279855,16268
446500351,12891
446757809,10557
449264955,1733
449281573,16114
450001697,275
450003002,180
450505917,12889
452110659,10773
453264926,2324
453281728,16024
454501437,13253
454523362,10718
454757089,227
454758262,156
455810720,16114
457037786,10529
457264944,2350
457279635,16354
458495267,12879
459526265,15922
460407398,15762
460797653,13117
461234050,15940
461264942,2471
462451570,12811
462492504,10579
465264918,1794
465281363,16380
466495462,13205
466517347,10550
469264934,1779
469295926,16413
470521555,13170
471270767,10559
471354230,16044
472575413,10590
473264955,12426
473280223,16038
474481886,13121
474515881,10552
474812429,251
474813620,138
475499211,15947
475801123,16017
476070606,125
476074885,285
476076226,179
476453558,123
476457417,283
476458712,177
476467917,109
476471254,278
476472584,173
476491463,108
476495034,280
476496331,206
476526270,112
476529907,289
476531240,174
477264910,3675
478432901,12746
478454308,10893
481237899,15812
481264934,2062
481278681,16076
482474501,13145
482513847,10573
483971230,16038
485264945,1872
485269907,10519
485295099,15832
486448770,13205
486517258,10589
489264905,1977
489280616,16083
490511149,12917
491348209,10521
491481068,16101
492255531,10761
493264923,2519
493280343,16001
494498647,10627
494867417,227
494868596,134
495665714,16147
496166472,16421
496335859,13200
496357733,16029
497264927,2957
497727499,12926
498495953,10634
501137435,16077
501264963,2115
501279437,16060
502382039,13096
502516673,10581
505264935,1890
505278269,16153
506476052,10864
509264934,1877
509280268,15803
510512349,10759
510531805,15852
511441391,10547
511606266,16325
512323347,10737
513264958,1804
513279574,16002
514476411,13165
514503587,10613
514922348,246
514923530,143
515035725,15830
515865114,10508
516148652,16139
516264609,10512
516294918,16076
516478650,16037
517264927,6675
517707785,13076
518462537,10552
520858982,16035
521264930,1895
522378136,10577
524096824,16049
525264944,1734
525445659,10734
526743416,139
526773411,225
526774589,133
527617389,15925
527957288,16437
528943219,13144
529104171,10599
529264915,1975
530281426,15937
531552107,10713
531735129,16063
532395295,10759
533264936,2373
533279064,16111
534601759,10524
534977746,231
534978909,136
535054711,231
535055889,146
535103705,233
535104876,161
536275954,15982
536323331,10436
536424252,16109
537264911,3134
537274314,242
537275512,145
537277601,16115
538543412,117
538559411,280
538560716,176
538561674,12899
539587525,10878
541139616,16240
541264907,2418
542384648,10573
545264928,1548
545279658,16191
547018224,10790
549264944,1943
549278219,15731
550097310,110
550107081,240
550108293,155
550482334,10752
550747989,15839
551624036,10527
551861203,16112
552465002,10761
553264911,2709
553269210,229
553270383,138
553278651,15909
554438618,10642
555032804,229
555033985,134
555785096,108
555846926,230
555848113,137
556554110,16230
557264932,2730
557332976,16363
558305666,120
558329804,276
558331129,172
559489432,12865
559812576,10471
560446897,15912
561137379,16207
561264946,2751
562458617,12932
562536302,10520
562702015,16107
565197306,10555
565264954,2190
565279031,16332
566488078,12775
566516044,10777
566944025,15668
567376164,16082
569026330,13080
569264934,2502
569278734,16196
570477332,13132
571146999,107
571167948,257
571169173,171
573264896,3611
573269452,241
573270656,149
573279113,15963
574479295,12854
574998455,10484
575087434,223
575088613,140
575369856,15982
575407936,15979
576404067,2320
576906088,132
576951529,277
576952865,174
577264913,3631
577939633,113
577951196,283
577952520,174
579103371,12690
579592411,10775
581237150,16021
581264912,2482
581279607,16164
582505241,12635
585264934,2065
585280705,16149
586486013,12592
589264937,1790
589281595,16180
590510261,13036
591780834,10796
592115656,15912
592605507,10538
593264918,3166
593279699,16052
594500073,12846
594512919,229
594524251,10629
595142631,231
595143790,142
595939011,16109
596755688,16147
597264935,3060
598469374,12813
598511081,10782
601240818,15807
601264935,2225
601281877,16323
601398361,1965
602502540,12890
602594999,10763
603604144,16285
604182331,10809
604223347,16056
604881969,10815
605264966,1845
605279879,16004
606473581,13120
606495374,10547
608756581,15815
609264938,1878
609278957,16191
610333541,207
610358795,278
610360134,170
610473305,13214
610917595,10571
611137836,15850
613264934,3954
613268888,256
613270182,238
613271385,145
613280120,16376
614468243,12871
614489767,10849
615189646,102
615196893,225
615198083,148
616597146,15956
617264906,3512
617269017,240
617270228,144
617278561,16058
618491250,13208
618513171,10475
619124163,16167
620521956,10820
621236849,15964
621264935,2873
621268799,242
621270024,143
621279877,16003
622489208,12743
624613432,16100
625264947,2722
625268550,242
625269777,144
625279468,16146
627586065,13124
627654250,10497
629264940,2502
629268703,227
629269860,136
629279316,16040
630488809,12898
631806688,242
631807891,157
631993110,10586
632361927,16020
632598259,16117
633264931,3875
633269818,280
633271126,142
634516268,12897
634742882,16041
634767494,12718
635251433,256
635252628,138
637007226,15812
637264899,2616
637270593,236
637271803,151
637279342,16200
638490009,12900
638511577,10732
639181376,110
639190940,231
639192103,137
641138171,16027
641264914,2852
641268686,237
641269895,154
641279898,16067
642477133,13101
642498881,10656
644856286,16255
645264922,2779
645270269,239
645271471,144
645278846,16079
646474120,13026
646516002,10588
649264944,1937
649280555,16414
649362422,118
649372562,305
649373898,173
650204355,138
650215774,285
650217078,173
650536268,13078
650577780,10507
650894498,16346
650996979,10539
651347358,15933
652119844,10552
652488026,16315
652811379,10583
653264950,2905
653279258,15839
654487992,12981
654794277,10742
655307685,224
655308863,133
657132701,16103
657264923,2210
657280993,16247
658490740,12757
658512168,10791
660780133,114
660873877,15884
661233240,249
661234490,148
661264924,2590
661280440,15881
662437787,12864
662490552,10741
665264940,1965
665281694,16034
666478086,12773
666519419,10775
669264909,1686
669281196,16188
670477291,13122
670499086,10869
671017135,15840
672257983,10744
672613957,15909
673264924,2248
673279778,16049
674301370,15522
674507535,13023
674529208,16190
675365657,282
675366960,142
675576385,12764
675688770,16095
677264943,3019
678184438,2326
678215145,6603
679161355,13097
679596148,15736
680437446,12896
681264943,2408
681280638,16091
682462292,12906
682505947,10509
684244499,16095
685264929,1954
685279619,15886
685644461,4500
686518751,13105
687193228,10579
689264926,1738
689280262,16366
690478024,13135
690510359,10541
691552882,15871
692385859,10568
692742106,15931
692948471,10567
693264943,1994
693280251,15992
693972002,12914
694501906,10551
695419333,227
695420515,136
696494923,225
696496106,138
696501556,15868
696603597,238
696612411,240
696613604,151
696782077,15856
697264916,3123
698469640,13153
698645909,10544
701237867,16132
701264941,2033
701279313,16089
702471377,12818
702504175,10644
705264943,2011
705278898,15741
706501455,10530
708896564,16131
709264915,2448
709993902,16403
710168558,13049
710464791,10499
711683663,15818
712473433,10749
712870448,15910
713020498,10584
713264922,2898
713278476,16221
714098565,10569
715475133,229
715476297,134
717264943,2300
717272283,16025
717461208,16109
718608800,12885
718750717,10779
721007169,15940
721264915,1738
721279087,16422
723107781,12813
723129264,10545
723170183,15928
724752065,10779
725042862,16051
725264936,1967
725278116,16158
725294274,133
727734242,13090
727775672,10773
729264947,7895
729280253,15978
730537917,12857
731816903,15863
732589107,10580
732997233,16170
733091021,10561
733117198,16075
733264907,1771
733279583,16165
734454315,13058
734482306,10859
735530392,248
735531584,134
737264919,2082
737279319,16238
738484657,13196
738590284,10552
741236861,16242
741264943,3391
741293553,16253
742482648,13127
743514777,10852
745264949,2150
745279045,15964
746965286,117
746980536,283
746981871,173
747086710,131
747124856,280
747126174,196
747375565,131
747395686,280
747397021,197
749264907,4852
749270904,278
749272233,171
750311287,116
750323396,286
750324734,174
753264926,3685
754885568,276
754886886,172
755576986,130
755588039,279
755589376,173
756083986,12770
756684323,16029
757264950,3130
758766307,13004
759882213,10830
761137466,15991
761264921,2654
761280764,16215
762508081,13151
764075498,10427
765111711,16041
765264942,2180
765281188,15763
766501418,12799
767028125,10602
767815149,15808
769022581,16121
769264937,2703
770499252,13022
771330891,10681
771559002,15999
772034404,15824
772235261,116
772331699,283
772333044,172
772370286,150
772379672,325
772388893,273
772390192,174
773006029,310
773007097,178
773105290,116
773253530,352
773253882,193
773264939,7485
773272424,240
773338757,275
773340063,179
773340242,150
774891887,13054
775647560,240
775648751,167
777264979,3243
777280103,16210
778512687,12849
778618517,16408
778739546,13075
779079361,245
779080272,145
780125268,108
780156146,243
780157364,158
780375063,15963
781264951,4024
782474372,12966
784950010,16294
785264948,2481
786478423,13149
788137388,16007
788636545,112
788648418,280
788649757,174
789264931,3778
792188217,276
792189547,171
792194944,109
792360578,243
793264925,7587
793272512,405
793501029,133
794086987,145
794093073,213
794524340,147
794704687,172
794770779,274
794772126,189
794772315,102
795465223,117
795485120,282
795486142,209
795501433,108
795570104,281
795571150,174
795579202,106
795659056,164
795678027,340
795688345,280
795689508,144
795692138,105
795708715,320
795710086,173
797264936,8361
797273297,178
799165282,12846
799672909,10477
801094063,16041
801264971,2345
801279376,16362
803019715,13219
804616056,16300
805264947,3346
806468751,13183
808283981,10547
808966138,15934
809264951,2428
809280077,16385
809486316,108
809505688,300
809506747,173
809661635,125
809741277,281
809742330,172
809766929,108
809775664,281
809776699,174
809781398,4020
810554730,117
810671965,279
810673311,171
811080620,125
811124894,285
811126246,175
811165867,2940
813264918,5651
813270569,125
813273622,277
813274946,189
814484079,12890
814546779,10488
815761691,225
815762858,148
816381180,15959
816865429,238
816866325,152
816871912,15909
817264891,4389
817270449,277
817271783,176
818499241,12859
818992609,10548
821138895,16041
821235171,260
821236106,144
821264907,2977
821268881,240
821270078,145
821281890,16127
822507761,12874
825264916,2521
825268416,228
825269571,142
825280238,16329
826511761,12882
826533306,10643
829264938,2705
829268669,229
829269830,144
829281740,16135
830500116,12595
832274175,15861
833264953,4417
833269955,143
833280419,15836
834494799,13075
834521828,10507
835815569,230
835816734,148
837264923,2695
837268571,230
837269725,136
837280641,16072
838496895,12983
838955102,10548
840081096,15788
841138528,15900
841264928,3616
841272112,283
841273125,173
841554457,120
841568851,282
841570175,172
842461398,13094
842489013,10632
844766586,16030
845264943,2991
845270147,242
845271367,144
845278993,16389
846493621,12916
846592367,10851
846694512,243
846695725,136
849264905,3012
849268842,228
849269999,139
849280046,16171
850418004,116
850435229,282
850436568,190
850509423,12617
850972538,16096
851330045,236
851331259,142
851653468,15941
851883704,2331
853264917,3444
854462671,12853
854527261,10783
855872417,228
855873607,133
856655735,15997
857264931,2887
857279494,16354
860381264,12995
860682756,16431
861067159,13199
861138969,15971
861264943,2724
862471139,12905
862507660,10853
865264928,1777
865297372,16224
866508587,12817
866550453,10744
868123398,16133
868139531,240
868153960,10787
868324507,15890
869264925,2049
869279323,16106
870459190,12865
870510743,10511
872027861,16056
872176962,10541
872480088,16083
873264941,2098
873281263,15830
874460916,13095
874520414,10443
875430789,307
875431753,136
875837583,15850
875918759,102
875926430,240
875927642,142
876416129,10690
877264929,2119
877278829,16393
878473928,13143
879104710,10531
881237306,15879
881264942,1934
881280477,16070
882484740,12877
882506296,10549
885264936,1790
885278612,16124
886489615,13125
886530022,10536
888965904,108
889024595,234
889025767,143
889264927,2830
889279848,15839
890485493,13185
890512954,10578
892610098,16011
892948181,16018
893264916,3919
894471916,13114
894735168,239
894736385,143
894875484,10540
895973045,104
895980922,237
895982117,149
897015788,15967
897264936,2984
897279622,16016
898486651,12954
899177170,10753
901236754,16037
901264948,12353
901280406,15849
902500910,12930
902525785,10738
902614504,3296
905264926,1858
905278895,16135
906473067,12848
906513509,10748
909264936,1857
909279802,16152
910473604,12769
910516246,10754
912639495,105
912653901,245
912655111,135
912744995,16071
913264901,3283
913269729,237
913270942,163
913278441,16137
914496230,12889
915005039,10778
916035498,227
916036667,154
917264934,2195
917280157,16147
918491363,12824
919308610,10505
921139142,15680
921221041,102
921236914,241
921238129,144
921264943,2629
921278346,16079
922446599,13120
922513467,10565
925264939,1739
925278732,16169
926417396,13119
926509480,10766
929264911,1669
929279021,16307
930488747,10759
931209551,15949
932051088,116
932122315,246
932123525,148
932368068,10746
932401808,15987
932432078,10500
932887943,16041
933264884,3129
933269537,241
933270753,143
933279296,16289
934190040,12850
934537654,10888
935841351,16155
936082091,111
936090772,236
936091987,144
936784595,10778
937264947,1909
938275620,16188
939501972,10763
941084128,15870
941196000,16282
941264911,2098
942482395,13008
942548663,10681
942710395,15967
944008829,10677
944405664,16068
945264933,2363
945278634,15959
947683655,12902
947881672,10780
948747346,15882
949264938,3011
949982237,16472
950486982,13030
950540432,246
950541651,148
951449342,10449
952529948,15955
953091183,16085
953264967,4354
954411661,12892
956146046,240
956147258,149
956186707,10696
956437949,15949
956656866,16262
956879632,118
956916448,275
956917770,182
957264957,3523
959635932,13062
961089964,10442
961139966,15943
961264929,2252
961278258,16055
962465820,12952
962509216,10848
962978129,16038
964253545,10632
964476748,15974
965264952,1995
965280215,16083
966522208,12996
967126831,10572
968540183,15958
969264929,2081
969278382,16350
970514093,12833
971425139,16018
971551444,12796
973221219,15856
973264927,2446
974523961,13049
976192711,105
976202165,242
976203378,149
977264953,2475
977298115,16299
979314519,13032
979650639,10390
979768670,15948
981238173,16025
981264917,2328
982487155,13073
985264926,2010
985280931,16187
986543374,13154
989264949,2077
989278864,16330
989578022,136
989587068,275
989588387,175
991040529,13190
991108794,10568
991707462,16446
991802048,16050
993082293,13087
993264929,2315
993279659,16201
995793280,12802
995836134,10668
996065526,15767
996257369,242
996258586,145
997264924,2563
997281007,16350
998963293,12890
999745943,10619
1001150288,15699
1001264954,2942
1001280123,16249
1001763161,118
1001768173,298
1001769496,180
1002898229,12741
1004922261,10559
1005264923,2066
1005279069,16073
1006826456,13183
1007290679,10829
1009264920,1905
1009280914,16279
1010496381,13016
1010868199,105
1010960029,246
1010960275,302
1010961228,144
1011122567,10838
1011200157,16287
1011538917,16161
1012386924,12846
1012602589,16174
1012678840,12825
1013264897,4638
1013270254,263
1013271458,151
1013278593,16082
1014599118,12901
1016303987,104
1016312160,239
1016313357,153
1016389870,10753
1017201187,15774
1017264905,3143
1017268823,247
1017270042,142
1017281118,16333
1017573921,118
1017587442,275
1017588775,174
1018746385,13005
1019445591,15921
1019784154,12910
1021264930,3260
1021269266,240
1021270473,148
1021281232,16269
1022480945,12895
1022505621,10803
1024327619,15886
1024659407,16239
1025264931,3874
1025269768,284
1025271136,171
1026513559,12892
1027384943,10718
1027968586,16018
1028234468,15989
1029264958,3497
1029269370,281
1029270694,170
1030497055,12933
1031579580,10694
1031887277,15918
1032755580,15974
1032903683,117
1032918932,101
1032932465,276
1032933497,195
1033264920,3825
1033270580,281
1033271920,179
1034691339,12924
1035502805,10851
1036366747,226
1036367907,142
1037264904,2689
1037270053,229
1037271226,132
1037280192,16399
1038506756,12797
1038705620,16193
1039053974,123
1039068520,281
1039069846,171
1040288586,13023
1041239708,16364
1041264892,4153
1041272318,281
1041273630,176
1042472759,12757
1043964425,10516
1044367278,15994
1044861819,16224
1045264918,3524
1046737834,116
1046750837,279
1046752174,175
1047941829,12814
1048605513,10500
1049264936,2725
1049269485,227
1049270653,134
1049283315,16487
1050500161,12907
1050646194,237
1050647384,153
1051288363,10517
1053264936,10209
1053282696,16198
1054633203,13097
1054780730,10534
1056422973,224
1056424133,140
1057264929,2235
1057280879,16233
1058495647,12600
1058822290,16019
1059933073,10722
1061236097,16078
1061264933,2054
1061279564,16397
1062483094,12800
1062504555,10739
1065264950,1789
1065281165,16313
1066482827,12884
1066504368,10708
1068631555,16421
1068747674,10711
1068814389,16108
1069264915,2094
1069281347,16309
1070500183,12548
1071300240,245
1071301452,137
1073264926,6037
1073281459,16263
1074824310,13117
1076469564,104
1076478652,245
1076479864,147
1076728821,10819
1077264944,2301
1077281621,16063
1078494736,13155
1078645065,10749
1078837220,15815
1080059719,10550
1081236529,15837
1081264957,2200
1081283153,16347
1082494994,13110
1082542359,10548
1084925491,15864
1085064317,10441
1085264931,2046
1085281580,16229
1087928755,135
1087933249,302
1087934610,178
1088071322,3492
1088146850,109
1088150967,304
1088152327,185
1088179628,107
1088183197,279
1088184513,182
1088357797,125
1088361266,278
1088362617,175
1089172175,137
1089217833,277
1089219159,187
1089264933,4108
1093264945,3207
1094944827,12813
1095327847,16075
1095734391,13048
1096534037,241
1096535228,156
1096964076,16411
1097264914,2978
1098119967,2327
1098330943,2256
1101264938,2732
1101898328,118
1101902493,281
1101903791,175
1103397137,13033
1103533840,16163
1104334668,12993
1105061714,15841
1105264951,3267
1106413463,17230
1106446170,12997
1107844978,10522
1108435914,15718
1109163837,16152
1109264921,2651
1111289190,12905
1112970405,260
1112971641,144
1113255102,18928
1115027947,13115
1115401822,16300
1115773939,13022
1115802725,10463
1116580666,112
1116589590,241
1116590776,113
1117264948,2085
1117281799,16421
1118494842,12818
1119035724,16210
1119459296,16134
1120517048,12966
1120593355,10456
1121157243,16096
1121264923,2288
1121274672,16062
1122492579,12987
1122530713,10625
1125264923,1938
1125281427,16245
1126498771,12900
1126931687,16035
1126961314,13096
1127739249,10895
1129264934,1741
1129281960,16234
1130485063,12858
1131853845,110
1131865807,248
1131867000,134
1133264907,3595
1133270793,228
1133271952,139
1133280943,16184
1134075574,283
1134076906,174
1134366734,123
1134370328,280
1134371658,172
1136491535,125
1136495004,278
1136496007,199
1136636073,116
1136645338,283
1136646660,185
1137264921,3813
1137269835,281
1137271169,170
1138505582,13123
1139247880,15885
1139268343,303
1139269695,172
1140356344,12882
1141264948,2699
1141280223,16147
1142507752,12592
1144983540,15852
1145264939,2041
1145281284,16232
1146505722,12850
1146718864,16304
1147815039,12942
1148250230,10578
1149264932,2190
1149281936,16233
1150495126,12915
1150522093,10546
1150751241,231
1150752431,133
1153264942,2659
1153268856,224
1153270013,140
1153279750,16378
1154501138,13115
1155257672,10743
1156699514,239
1156700709,132
1157264953,5510
1157278938,16104
1158501397,13092
1158529752,10778
1159374710,15826
1160481923,10734
1161234290,16067
1161264928,2202
1161278945,15845
1162485651,12832
1162520254,10531
1163726119,15937
1164644315,10603
1165264931,1766
1165280021,16337
1165296358,217
1166488156,12861
1169055261,16066
1169264952,2073
1169279197,15837
1170505087,13170
1170588095,10558
1173264915,2011
1173279347,16306
1174490011,13085
1175337760,10720
1175903552,16051
1176079016,16037
1176746561,133
1176757324,303
1176758680,172
1177264929,2854
1178445030,13002
1178479013,10750
1179501668,15842
1180606970,10768
1181234726,15896
1181264940,2094
1181280350,15884
1182504962,13126
1182666055,10536
1183421411,16043
1183753242,16174
1184563525,12833
1185019596,10776
1185264923,2102
1185280812,16218
1186520146,12815
1186647635,16057
1186770835,124
1186823000,279
1186824332,172
1187885828,12829
1188142339,10660
1189264923,3857
1189269422,285
1189270640,136
1189279575,16409
1190491770,12778
1190518802,10701
1191545074,226
1191546264,138
1193264948,3111
1193278624,15920
1194524949,13112
1196248280,10506
1196700262,15957
1196812622,242
1196813838,145
1197264902,2285
1197279492,16062
1197931749,13190
1198396561,16298
1198522489,12880
1199305720,10501
1199627178,15836
1200670847,10496
1200819438,15987
1200852849,10452
1201171689,102
1201185569,228
1201186735,145
1201264919,2165
1201277781,15918
1201341886,16050
1202489925,12868
1203528003,10885
1204452222,15826
1205264946,1999
1205280752,15972
1206424900,13153
1206491189,10603
1209264944,1615
1209281167,16237
1210496517,12870
1210527571,10508
1211130103,16079
1211240473,247
1211241699,155
1212631593,10556
1212708626,16236
1213264928,3020
1213283551,15964
1213335486,288
1213336824,176
1215420893,115
1215449500,287
1215450840,188
1216621995,13100
1216643757,10545
1216858789,112
1216865991,226
1216866883,138
1217174371,15935
1217215349,240
1217216251,146
1217264897,3416
1217269568,239
1217270779,148
1217281267,16041
1218514071,12910
1219447534,10743
1219581503,15909
1220977795,10791
1221137443,16026
1221264941,3019
1221269270,240
1221270475,143
1221279233,16104
1222485831,13092
1222514341,10736
1224756343,15956
1224908262,15846
1225264930,3570
1225269349,287
1225270672,182
1227819081,12822
1228285232,10722
1228315484,15998
1228555760,16061
1229264940,3241
1229272436,281
1229273761,175
1230465996,12775
1230487452,10467
1230595083,15687
1231361068,15833
1232705660,13020
1233264937,3094
1233268433,242
1233269648,144
1233278830,16027
1234976736,13065
1235224283,16252
1235452019,12809
1236921361,243
1236922282,144
1237264909,3043
1237271463,245
1237272672,144
1237279008,16122
1238489742,13053
1238511444,10729
1239706389,16222
1240801603,15991
1241264926,2654
1242469607,12993
1243483686,15809
1244861250,12844
1245081592,16078
1245264934,2693
1245440684,4286
1245451919,1895
1247026093,107
1247043961,276
1247045302,172
1249001908,12894
1249264959,3434
1249269441,233
1249270647,143
1249279101,16127
1250502562,13115
1250654490,16189
1250848580,125
1250862137,284
1250863470,170
1250948572,12958
1251965107,10543
1253264932,3152
1253280388,16319
1255055024,13134
1255335422,16202
1255530079,13099
1256366778,15767
1256968691,133
1256979808,275
1256981130,174
1257264940,3139
1258460602,12834
1261138849,15998
1261264946,2068
1261280652,16339
1262485891,13181
1262516124,10527
1263808010,15983
1263900442,10442
1265264912,2358
1265281314,16288
1266491442,12636
1266728805,16029
1266832356,16096
1268509251,13125
1268548764,10801
1269264927,2042
1269280842,16076
1269321425,125
1269327310,279
1269328639,185
1270507991,12854
1270592270,10571
1273264941,2051
1273280175,16069
1275127529,12809
1275789065,10569
1277025688,109
1277033809,226
1277034971,134
1277264911,1994
1277281872,16290
1278480605,13076
1278502355,10547
1280778965,16137
1281237285,15925
1281264931,2259
1282731830,12809
1282797584,10770
1285264947,2067
1285279848,16301
1287002850,13105
1287241672,16328
1287284298,12813
1287392318,16116
1288577689,12865
1288932698,10511
1289264925,1866
1289281594,16159
1289387702,118
1289433176,277
1289434505,197
1290500741,12899
1290779959,10810
1291317781,15801
1292119661,16216
1292135877,382
1292256477,2408
1293264933,2795
1295204294,12903
1296556040,16010
1297080686,118
1297091615,275
1297092936,187
1297264951,3080
1298496080,13112
1298621078,10533
1301138394,16044
1301264943,2294
1301279417,16245
1303689554,13119
1303748384,10568
1305264918,1825
1305280045,16146
1306511885,13030
1306533590,10558
1308215090,15843
1308595262,15933
1309264932,2361
1309550034,116
1309567293,278
1309568631,174
1313264938,4212
1317137489,116
1317147267,279
1317148273,178
1317264877,3898
1317270197,284
1317271538,176
1318676595,12934
1319127042,16227
1320114799,2098
1320128056,1713
1321264935,3712
1321269681,282
1321270683,179
1321344976,138
1321365964,277
1321367295,170
1325264948,3250
1329264959,2834
1333264937,2703
1337204985,278
1337206286,180
1337264935,5803
1341264957,3270
1341413222,2108
1343423177,12770
1343521956,10508
1343885236,15878
1344094274,1932
1344242840,2346
1344381843,1765
1344446336,11298
1344510865,1731
1344576397,5054
1344632700,1528
1344699284,4985
1344753532,1720
1344821385,4966
1344874374,1742
1344947135,5157
1345001348,1691
1345067925,5266
1345121180,1626
1345264929,2393
1345279460,15896
1345540013,5968
1346107318,5696
1347088941,12899
1347618594,15947
1348843058,12835
1349264950,2271
1349279985,15829
1350510560,12849
1350967480,242
1350968378,147
1351731960,244
1351733181,144
1351830930,103
1351846394,237
1351847599,151
1352931583,121
1352946442,240
1352947353,142
1352955463,16431
1352990803,13094
1353264920,3232
1353270031,242
1353271232,143
1353278793,16438
1355665742,116
1355684874,300
1355686220,180
1357250798,115
1357260829,275
1357262157,174
1357264921,3306
1358502700,12876
1359606817,16021
1361264937,2904
1363468791,13111
1363688146,16476
1364775066,2313
1364947132,1779
1365134522,1823
1365264961,2837
1365572768,2031
1365794987,1830
1366022333,1886
1366244534,1837
1366454456,1778
1366668487,1800
1366900915,1775
1367137461,2453
1367157962,1783
1367317714,1890
1367515317,1668
1367535792,4504
1367605456,3241
1367713991,1822
1367896247,1826
1368141009,2068
1368374476,1828
1368577217,1810
1368789199,1801
1368930521,1940
1369144545,1812
1369264923,2918
1369373901,1767
1369584869,1847
1369751760,1849
1369922789,1784
1370119400,1788
1370317186,1660
1370508522,1756
1370707184,1829
1370845422,1641
1371013371,1786
1371181292,1900
1371358465,1965
1371447543,7411
1371503861,6007
1371883786,1802
1372058891,2261
1372221707,1939
1373264947,4448
1375477799,154
1375495897,274
1375497224,182
1377264944,4787
1377277200,278
1377278506,183
1378467136,13200
1378712975,111
1378834600,15762
1378858985,275
1378860316,171
1379121729,115
1379202386,282
1379203717,173
1379219056,110
1379261344,277
1379262676,171
1379411299,3417
1379610098,116
1379652455,277
1379653788,172
1379655216,128
1379723392,348
1379724797,171
1380267003,116
1380283903,506
1380285460,171
1381264974,6187
1385264961,2658
1389264942,2785
1392731309,129
1392937635,283
1392937918,393
1392938645,171
1393264924,5337
1393273395,280
1393274694,184
1397264920,3952
1397268872,108
1397272422,281
1397273430,175
1397323447,117
1397336190,283
1397337504,188
1401264949,3662
1401270046,278
1401271377,171
1405264955,3574
1405269752,274
1405271105,173
1409264939,3803
1409269712,279
1409271039,178
1411437229,131
1411531968,275
1411533265,180
1412700230,117
1412715554,306
1412716595,195
1413264905,4751
1413270270,280
1413271601,173
1417264948,3321
1417269529,282
1417270545,197
1417382199,108
1417391310,280
1417392620,175
1421264920,3954
1421268874,106
1421273535,281
1421274834,142
1425264937,3655
1425271908,277
1425273227,187
1429264935,3886
1429268821,116
1429269779,280
1429271110,175
1430342607,22036
1430364643,174
1433246748,5833
1433264927,16980
1433281907,106
1437264922,4229
1437270190,278
1437271240,172
1437438077,143
1437451611,283
1437452961,172
1441145712,145
1441165338,279
1441166646,176
1441264949,3093
1444900102,281
1444901433,184
1445264962,3699
1449264942,2845
1449806926,115
1449885623,275
1449886931,207
1449929270,108
1449938994,280
1449940308,179
1449958767,108
1449967511,280
1449968838,171
1450322774,136
1450367944,283
1450369297,171
1450555368,120
1450560965,282
1450561974,183
1451077909,276
1451079243,173
1451482375,2905
1452840304,116
1452863820,170
1452869522,279
1452870568,175
1453008893,140
1453013019,274
1453014019,173
1453014192,332
1453264930,4635
1453269565,107
1453277109,285
1453278439,185
1455627581,2578
1457113406,1784
1457264958,3626
1457270293,282
1457271342,175
1457328450,1875
1457494622,110
1457506404,281
1457507726,173
1457562717,280
1457564043,173
1457667394,2047
1457708114,109
1457712329,286
1457713667,173
1458183517,1817
1458864460,1716
1459178847,1679
1461264982,3904
1462684056,1923
1462832534,1764
1465264937,3006
1465316768,1852
1465659822,1674
1466287505,1888
1469264941,2933
1469810562,174
1473264911,2652
1477264941,4317
1477551787,143
1477563143,281
1477564449,192
1481264946,3613
1485264965,2415
1489264938,2378
1489538353,134
1489587024,276
1489588356,210
1490193734,116
1490236962,281
1490238272,178
1490300241,282
1490301568,197
1491683770,134
1491712633,279
1491713938,183
1491919433,281
1491920741,176
1492681496,2459
1493027613,1882
1493060364,9704
1493193515,7226
1493251871,1966
1493264938,6425
1493271363,328
1493272714,178
1493297938,7092
1493412650,6360
1493442351,4237
1493514013,1829
1493595935,5917
1493663511,6117
1493827353,5622
1493967658,5817
1494151992,5797
1496470562,12944
1496682352,15995
1497264976,4520
1497270092,280
1497271126,179
1497608660,108
1497620610,274
1497621929,176
1498964636,12821
1499345771,15879
1501264945,2999
1505264941,2541
1508640734,5022
1509264917,3541
1513264925,2851
1517264944,2712
1517665931,106
1517677444,280
1517678743,185
1521264957,3499
1525264917,2646
1529264941,2683
1533264947,2530
1537264928,2786
1537723102,117
1537732882,282
1537734227,182
1539146074,2129
1539160405,1832
1539502475,2195
1539564541,113
1539580177,278
1539581488,175
1539694978,2502
1539709289,2332
1539725700,1824
1539896689,1915
1540112763,2323
1540135269,1901
1540280696,2952
1540301193,1710
1540441446,1873
1540600181,1716
1540748660,1692
1540997513,1747
1541209467,1852
1541264923,3281
1541382524,1969
1541729660,1778
1541806484,7599
1541835159,5560
1541900688,5963
1541936275,4728
1541957196,4783
1541996669,3272
1542064250,2058
1542080665,6156
1542118554,3253
1542141551,3711
1542242447,5510
1542267030,4054
1542291613,4445
1542382762,5498
1542418607,4130
1542430866,4743
1542446241,3709
1542527108,5397
1542570138,4774
1542587549,4426
1542963360,2009
1543140505,2373
1543158944,1757
1543351446,1800
1543536804,1764
1544047026,2800
1545264960,2916
1547537878,2465
1547558368,2611
1547578857,1395
1549264950,2739
1551174217,105
1551186701,284
1551188017,182
1553264928,5414
1553279621,279
1553280930,197
1556047889,120
1556118627,274
1556119968,180
1557264916,4574
1557320981,285
1557322029,177
1557779304,117
1557789588,282
1557790892,198
1561264945,2989
1562439356,137
1562482980,13171
1565073297,16228
1565264940,2428
1569264931,2701
1571410243,135
1571431634,283
1571432978,175
1573264953,2971
1577264920,2756
1577835403,139
1577846197,280
1577847558,172
1581264931,3539
1585264949,2512
1586473973,12945
1587352899,15916
1589264925,2377
1590377468,2441
1590415374,1688
1590573061,1871
1593264944,2423
1597264952,2925
1597892400,118
1597902904,275
1597904230,186
1598616679,2576
1598631042,1776
1598755965,1910
1598899331,1749
1599052896,1815
1599197309,1967
1599282282,9177
1599336570,5814
1599357125,1706
1599429771,6782
1599488129,5212
1599579015,6224
1599625060,3227
1599645565,1636
1599721346,6230
1599765376,3345
1599785855,1797
1599875957,6743
1599931504,1719
1600022381,5557
1600075925,1735
1600149363,5622
1600202634,1868
1600283533,5194
1600335731,1926
1600405391,5680
1600461968,1735
1600538500,5280
1600594054,1780
1600667525,5469
1600722826,1765
1600792441,5404
1600846736,1887
1600922507,5866
1600977032,1815
1601053587,5041
1601106045,1799
1601264909,3602
1601286013,5562
1601446021,6045
1601586314,6333
1601716360,5828
1601853612,5787
1601874066,4320
1601920918,2442
1601943714,2420
1601946134,216
1601964180,5105
1601992584,4527
1602020235,4536
1602039699,3284
1602062495,2045
1602115735,5428
1602166931,4740
1602195358,4225
1602236303,2176
1602287501,5142
1602309041,4287
1602322321,4796
1602336667,3460
1602364330,1855
1602413466,4603
1602444192,4865
1602464680,4287
1602499752,5400
1602561188,3515
1602581668,4854
1602612394,5279
1602635907,4947
1602674873,6418
1602750634,5463
1602771118,4470
1602812053,3138
1602826399,3541
1602844574,5310
1602917552,1898
1602937757,6920
1602996396,6181
1603071915,5948
1603129482,6476
1603164062,5526
1603207339,5094
1603261616,4961
1603282068,4739
1603294123,1644
1603308707,4480
1603346609,6413
1603409042,4824
1603429532,4815
1603457951,4573
1603502272,6307
1603523921,5816
1603573946,4525
1603594691,1719
1603627192,3291
1603652772,4533
1603683510,5156
1603699907,3642
1603716277,4270
1603794062,5344
1603823803,3977
1603881150,3977
1603894180,3311
1603939509,2399
1603955887,1686
1604001971,5166
1604022453,3865
1604045987,4275
1604085934,2025
1604278463,1811
1604821202,2032
1605116089,1945
1605264924,3125
1605335233,1913
1609264948,2893
1611727909,108
1611829624,276
1611830939,171
1613264921,5830
1613270751,195
1613274945,283
1613276278,170
1613673769,2405
1613720903,1736
1613834552,1797
1614009635,2206
1614550335,1937
1614571855,5005
1617264938,4057
1617269984,277
1617271009,178
1617948892,116
1617958951,277
1617960270,197
1618464936,12849
1620170418,15780
1621264934,3519
1621269805,282
1621271139,189
1625264963,3508
1625269772,277
1625271097,171
1626661817,281
1626663181,173
1626736364,133
1626762472,275
1626763802,178
1628164609,2170
1628334574,1760
1628532225,2184
1628544479,1889
1628707402,1793
1628872202,1875
1628890602,1590
1629041136,1743
1629061610,1533
1629182451,1630
1629264941,4374
1629270425,279
1629271750,183
1629400580,3121
1629421085,1852
1629537792,2108
1629679084,1929
1629823478,1721
1629973001,1868
1630213645,2498
1630357087,1862
1630672393,1939
1630835226,1852
1630857946,6422
1630888229,5142
1630908683,4803
1630951706,3265
1630966264,1896
1631020566,6701
1631046946,5200
1631103500,5510
1631126038,5272
1631159564,3346
1631172111,3078
1631247881,5551
1631279650,4888
1631301148,4536
1631334936,3264
1631398419,5986
1631444514,4828
1631460860,4683
1631565330,4990
1631585781,4073
1631623714,4383
1631715872,6079
1631776275,6180
1631794460,4839
1631815982,6320
1631882760,6175
1631903264,1303
1631912369,124
1631923495,4578
1631928280,173
1631944219,5088
1632009745,6108
1632052775,2925
1632081412,4957
1632145948,5510
1632166397,3953
1632185883,5516
1632212513,2974
1632287251,5318
1632319013,4499
1632342551,4636
1632358952,3959
1632512571,2011
1632666150,2295
1632686971,1687
1632826668,158
1632832179,277
1632833201,183
1632840990,109
1632844456,285
1632845498,173
1632992814,1840
1633142049,1692
1633264930,4281
1633269211,121
1633270126,281
1633271435,175
1633384998,1766
1633891008,1701
1634070067,1568
1634274864,1784
1634497091,1765
1634517573,1711
1634647339,2296
1634668109,2783
1635175997,2098
1635340872,2029
1635548758,2240
1635568945,2149
1635589726,1585
1635628612,6791
1635649124,4082
1635681865,2921
1635695945,2919
1635755322,2518
1635773769,1654
1635794251,5233
1635816779,4632
1635848518,4450
1635891803,4680
1635957348,3307
1635984979,4845
1636019546,6163
1636071009,4922
1636113996,5988
1636176464,1903
1636196699,6382
1636258411,5467
1636298336,5637
1636363840,6644
1636384097,1571
1636409704,3431
1636430412,4658
1636450898,4484
1636493650,3091
1636524644,1799
1636691558,1586
1636871793,1751
1637264947,3792
1637268739,108
1637270048,287
1637271091,175
1637297776,2234
1637318247,1515
1637479791,1758
1637642858,1585
1638005442,115
1638015229,279
1638016548,187
1639325847,284
1639327157,144
1641264914,4267
1641272102,279
1641273427,184
1641945498,141
1641950052,283
1641951366,171
1642134924,110
1642138699,282
1642140037,174
1642316191,145
1642319653,288
1642320986,172
1642479009,109
1642482735,279
1642484031,184
1642640814,131
1642644542,274
1642645859,172
1642787242,131
1642790846,278
1642792176,171
1642928538,143
1642932126,282
1642933436,174
1643073959,117
1643077538,281
1643078864,172
1643239862,124
1643243162,281
1643244473,187
1643392433,115
1643396379,283
1643397708,172
1643413101,107
1643416646,281
1643417980,174
1643549859,280
1643551173,184
1643566528,108
1643566636,131
1643575385,289
1643576733,197
1643603369,109
1643613408,282
1643614774,171
1643665847,123
1643675991,275
1643677329,177
1643729341,123
1643736146,282
1643737450,188
1643841981,116
1643851054,279
1643852366,190
1643868594,107
1643875703,281
1643877004,187
1643898298,105
1643905482,280
1643906783,190
1643948092,280
1643949409,170
1643997635,124
1644006226,271
1644007553,173
1644049863,123
1644056620,274
1644057945,169
1644062134,108
1644067771,282
1644069075,182
1644104137,108
1644108083,280
1644109414,186
1644120488,107
1644124997,279
1644126293,182
1644138951,110
1644141690,277
1644143002,183
1644159413,108
1644167127,283
1644168461,174
1644228493,283
1644229822,173
1644334524,123
1644343219,284
1644344537,172
1644386758,139
1644393549,281
1644394854,175
1644481989,131
1644490880,282
1644492185,176
1644545481,117
1644553451,280
1644554788,200
1644626258,282
1644627557,178
1644710320,279
1644711610,176
1644762005,117
1644772069,277
1644773379,181
1644872054,274
1644873390,175
1645006296,124
1645015764,281
1645017060,180
1645154750,110
1645163786,279
1645165095,175
1645264947,3680
1645295038,120
1645304418,284
1645305752,183
1645431248,126
1645440362,279
1645441666,174
1645604304,117
1645613031,280
1645614371,173
1649264941,3288
1650426936,2241
1650471407,13197
1650519451,16431
1650630419,2422
1650640660,2429
1650652947,1876
1650767648,1825
1650893597,1816
1651113736,1930
1651283244,116
1651296972,280
1651297977,187
1651304213,8391
1651324437,1084
1651344925,5221
1651490597,5739
1651621670,5866
1651640091,4246
1651724070,5933
1651809058,6208
1651868444,6204
1651910431,4791
1651998503,5642
1652023084,4440
1652036384,3336
1652057890,4587
1652085550,3113
1652136750,5252
1653264919,4070
1653272976,281
1653274006,170
1653530186,118
1653535066,275
1653536411,172
1653552702,105
1653556310,318
1653557660,173
1653692967,108
1653696950,287
1653698284,172
1653705286,108
1653708881,281
1653710187,187
1654034651,284
1654035663,182
1654372910,144
1654376394,280
1654377390,177
1654582519,272
1654583552,171
1654726200,109
1654730099,274
1654731092,184
1654916668,117
1654920439,273
1654921474,170
1655053900,114
1655057525,273
1655058539,173
1655200313,108
1655203890,275
1655204901,184
1655386696,115
1655390218,280
1655391262,173
1655571032,124
1655574665,270
1655575669,183
1655735904,124
1655739271,283
1655740321,174
1655933654,279
1655934655,186
1656716899,138
1656720327,273
1656721330,178
1656763987,144
1656771193,283
1656772232,174
1656784486,109
1656792460,280
1656793467,184
1656822208,282
1656823252,172
1656858205,117
1656866628,285
1656867676,171
1656901225,124
1656904917,272
1656905920,184
1656945255,110
1656955367,282
1656956400,173
1657005675,117
1657015165,284
1657016228,171
1657026145,108
1657033429,283
1657034454,171
1657078371,108
1657087962,277
1657088998,177
1657106023,117
1657109455,279
1657110514,172
1657172937,284
1657173962,182
1657220701,140
1657226735,284
1657227780,170
1657249374,108
1657257170,279
1657258359,171
1657264936,17305
1657301628,106
1657311565,282
1657312589,171
1657424154,279
1657425161,185
1657458265,105
1657467018,286
1657468028,187
1657481836,128
1657489214,284
1657490215,184
1657539193,116
1657543113,274
1657544147,178
1657559630,111
1657569259,274
1657570447,171
1657605739,120
1657611434,280
1657612442,173
1657634386,284
1657635422,188
1657654884,108
1657663526,279
1657664691,170
1657700968,126
1657709654,281
1657710684,175
1657783934,118
1657793132,280
1657794141,144
1657834069,125
1657839484,282
1657840526,184
1657854594,116
1657857901,278
1657858940,172
1657919095,126
1657928290,280
1657929295,172
1657966190,122
1657971900,281
1657972931,175
1657986670,108
1657989913,274
1657990919,182
1658053308,279
1658054494,183
1658061662,105
1658077105,303
1658078176,171
1658097272,121
1658107850,282
1658108860,173
1658117737,128
1658120774,274
1658121944,175
1658183533,281
1658184560,170
1658223219,118
1658232699,278
1658233710,180
1658243703,108
1658247023,274
1658248185,173
1658294898,124
1658304168,286
1658305179,176
1658357914,282
1658358924,178
1658371677,272
1658372715,174
1658419833,117
1658429605,281
1658430657,183
1658472049,118
1658477927,285
1658478971,172
1658492542,121
1658495633,275
1658496626,182
1658646155,117
1658649598,278
1658650638,176
1658793601,123
1658797128,283
1658798170,171
1658935930,116
1658939942,281
1658941256,143
1659090559,116
1659094167,286
1659095496,187
1659255432,125
1659259049,280
1659260382,185
1659804303,117
1659813535,275
1659814841,176
1659830913,117
1659834534,274
1659835867,176
1660331674,117
1660335831,272
1660337141,202
1660354190,119
1660357604,283
1660358940,177
1660374647,124
1660384343,282
1660385359,175
1660414134,279
1660415151,188
1660425882,108
1660433123,284
1660434170,175
1660448416,107
1660457374,282
1660458529,189
1660462731,105
1660470345,276
1660471523,174
1660486020,281
1660487180,182
1660510265,280
1660511452,175
1660543627,124
1660553127,279
1660554324,179
1660591758,117
1660598006,281
1660599190,173
1660612254,109
1660620150,287
1660621314,182
1660624517,108
1660631343,281
1660632528,173
1660641950,108
1660651173,281
1660652327,173
1660680842,119
1660684733,284
1660685924,174
1660699303,109
1660703676,274
1660704837,144
1660719760,107
1660722583,282
1660723737,174
1660893836,109
1660898639,272
1660899815,174
1660914338,108
1660918629,277
1660919765,143
1660936847,121
1660939850,278
1660941010,183
1661088400,118
1661092317,274
1661093497,172
1661234825,109
1661239284,279
1661240302,171
1661258389,111
1661263090,277
1661264273,171
1661264938,4586
1661270529,285
1661271872,172
1661416080,139
1661419640,274
1661420965,182
1661641374,142
1661645435,276
1661646745,173
1662229157,109
1662232950,274
1662234269,173
1662253733,120
1662257323,285
1662258662,177
1662401198,125
1662405260,270
1662406611,170
1662423723,109
1662427452,279
1662428782,172
1662564006,110
1662568194,275
1662569229,171
1662584487,108
1662589187,288
1662590224,184
1662604983,110
1662608009,279
1662609047,185
1662635705,117
1662645486,281
1662646507,173
1662679450,279
1662680592,181
1662702245,118
1662709796,280
1662710816,171
1662729911,107
1662736475,285
1662737636,184
1662746277,108
1662749558,280
1662750724,173
1662813888,116
1662824550,280
1662825737,176
1662834341,107
1662841674,286
1662842865,174
1662878391,126
1662884408,282
1662885413,184
1662898839,112
1662905850,279
1662906892,171
1662941871,106
1662949789,283
1662950787,184
1662966455,107
1662972097,277
1662973100,175
1662978728,129
1662985117,280
1662986316,171
1663045273,126
1663049059,274
1663050090,180
1663180479,117
1663183987,274
1663184992,186
1663365834,117
1663369410,277
1663370416,183
1663520446,132
1663524304,270
1663525300,183
1663731395,116
1663735173,279
1663736205,179
1664282312,144
1664286472,279
1664287495,172
1664304814,106
1664308306,278
1664309333,197
1664488133,126
1664492218,278
1664493250,176
1664508618,109
1664512070,288
1664513124,185
1664663231,108
1664666876,283
1664667951,172
1665264933,3733
1665270024,275
1665271348,177
1665833924,2773
1665854419,2613
1665864819,1409
1666181844,111
1666185297,281
1666186605,174
1666223061,1744
1666588635,2040
1666756563,1948
1666846423,139
1666853356,283
1666854396,172
1666866918,106
1666870189,272
1666871196,178
1667053305,117
1667056773,282
1667057801,178
1667216347,1927
1667403765,1939
1667503850,140
1667507512,278
1667508507,175
1667961848,1903
1667986404,2688
1668006889,1454
1668054759,113
1668058370,280
1668059393,171
1668121346,1888
1668238057,109
1668241840,281
1668242864,175
1668297721,2003
1668430088,281
1668431104,210
1668470770,2259
1668590346,125
1668598056,283
1668599098,178
1668610820,108
1668613556,276
1668614563,183
1668746986,109
1668750680,278
1668751682,176
1668940524,107
1668944106,272
1668945149,172
1669101315,110
1669105176,276
1669106211,176
1669203984,1941
1669264973,3835
1669269948,283
1669270994,177
1669405706,2015
1669575692,2798
1669596175,2023
1669705731,1904
1669779228,116
1669782922,282
1669783927,184
1669876748,2119
1669935135,7755
1669945523,302
1669946557,172
1669965079,4746
1669977108,5102
1670033399,2429
1670049820,5493
1670072066,4262
1670103803,2805
1670116385,5329
1670121931,278
1670122993,177
1670192131,1999
1670208515,5240
1670242339,4576
1670282249,3069
1670302734,3501
1670365209,2374
1670383611,6024
1670403835,4481
1670440979,4991
1670502424,1996
1670537241,5740
1670577175,4603
1670599714,5176
1670646768,1816
1670677252,107
1670680619,281
1670681650,171
1670704165,4971
1670724635,3989
1670789144,1962
1670857750,5637
1670914087,1985
1670979622,5547
1671036433,128
1671037967,2300
1671048430,116
1671058687,283
1671060018,170
1671109660,6398
1671152664,3440
1671173133,1874
1671231258,143
1671235265,281
1671236567,173
1671250977,6416
1671304206,3087
1671324684,1886
1671384842,109
1671388596,279
1671389627,171
1671417871,4997
1671450645,4058
1671470115,4328
1671524361,1733
1671552796,126
1671556357,283
1671557394,175
1671587876,5031
1671606282,4555
1671651342,3117
1671674918,2023
1671734056,153
1671737638,281
1671738650,183
1671772200,4799
1671847957,4001
1671899954,143
1671903620,299
1671904656,174
1672087564,6202
1672101942,4888
1672151842,143
1672155443,302
1672156487,171
1672188951,2071
1672223775,5255
1672279341,4086
1672337436,2049
1672429616,5603
1672484919,1891
1672558619,5450
1672615969,2015
1672678412,5238
1672735787,2024
1672809522,5881
1672865835,2079
1672942642,5298
1672997944,1804
1673060430,5419
1673121857,1740
1673180221,5375
1673238588,1971
1673264907,6630
1673271773,175
1673298997,6324
1673361458,1741
1673441300,5031
1673498988,1845
1673685059,5198
1673743422,2024
1673812010,5660
1673869344,1785
1673944112,5153
1674001482,1721
1674133554,5394
1674188883,1917
1674658892,5369
1674901571,5755
1675049049,5811
1675179090,5822
1675327571,5509
1675467829,5676
1675602159,5910
1675728990,5498
1675853918,5844
1675983937,5896
1676117073,6054
1676254310,5815
1676386387,5621
1676505171,5541
1676709996,6137
1676849253,5987
1676977253,5602
1677113457,6392
1677244505,5492
1677264964,9909
1678118794,125
1678129127,280
1678130132,183
1681264937,3974
1681270398,277
1681271753,171
1684644028,2088
1684793299,1724
1684930509,1551
1685062856,1920
1685197006,1801
1685264931,3781
1685268712,107
1685269682,279
1685271041,176
1685357526,1810
1685515213,1633
1685663974,1645
1685803238,1717
1685874610,117
1685902629,287
1685903974,179
1685939179,1930
1686074339,1978
1686144208,6720
1686201552,1616
1686282479,5326
1686336813,1678
1686413521,4990
1686469870,1719
1686556899,5463
1686614233,1896
1686682860,5627
1686739191,1765
1686809821,5396
1686866190,1831
1686956014,5537
1687010285,1712
1687087068,4872
1687141359,1897
1687216086,5651
1687270612,1677
1687340252,5053
1687394541,1694
1687473406,5022
1687530749,1572
1687616760,5532
1687685362,1935
1687753217,162
1687773451,7654
1687831124,314
1687832500,190
1687853585,1992
1687931125,6497
1687993607,1601
1688082673,5226
1688138992,1874
1688208638,5246
1688261873,2054
1688343808,5403
1688399097,1731
1688490243,5110
1688547568,1752
1688618209,5343
1688674532,1951
1688743145,5333
1688800509,1953
1688896750,5883
1688952070,1768
1689025796,4898
1689079041,1734
1689164048,5422
1689218296,1721
1689264945,5396
1689271372,275
1689272412,171
1689287689,6611
1689321476,4232
1689377797,1757
1689454582,6095
1689509872,5103
1689530388,1189
1689590797,6206
1689604500,130
1689641197,284
1689642537,174
1689648153,7322
1689718791,6659
1689776149,6558
1689846780,6156
1689902089,1930
1689922579,5234
1689979904,5938
1690034186,1779
1690035965,136
1690054671,5420
1690103833,6738
1690158096,1784
1690178585,6026
1690229786,6005
1690284034,1818
1690318875,4720
1690352655,4132
1690387484,4535
1690412049,2199
1690576898,1853
1690736637,1682
1690875946,1562
1691033624,1741
1691188264,1779
1691338786,1648
1691509017,1978
1691683113,7090
1691763003,6374
1691783460,4473
1691836701,3225
1691857208,1693
1691885858,2771
1691917611,4513
1691950426,5047
1692018999,2006
1692035380,6298
1692065056,5423
1692092716,3326
1692165442,6336
1692198948,4334
1692220902,5034
1692260407,2816
1692333081,1852
1692358702,5873
1692418342,6170
1692473397,1758
1692507179,5786
1692571694,4914
1692624951,7059
1692719156,4971
1692760108,4228
1692784692,4632
1692824632,1980
1692871734,4761
1692909623,3861
1692921908,4508
1692964928,1705
1693010986,4899
1693029440,4216
1693047859,4555
1693085752,1868
1693131827,5034
1693163552,3583
1693218852,1834
1693237315,4610
1693264929,4579
1693271543,283
1693272854,196
1693307187,6719
1693369641,1875
1693401393,4808
1693442355,4032
1693474108,4373
1693498669,1750
1693659436,1788
1693678656,157
1693803862,2138
1693824052,1894
1693969454,1916
1694114873,1773
1694269510,1792
1694553174,1647
1694711908,1720
1694858325,5569
1694911553,1645
1694984269,5833
1695037494,1932
1695105104,5223
1695161427,1951
1695231050,5139
1695287375,1752
1695381592,5329
1695436875,1770
1695515730,5803
1695570008,1833
1695590494,4361
1695647808,5242
1695711296,1736
1695743062,4680
1695763534,3744
1695786058,4423
1695844458,1931
1695889492,4857
1695907934,4083
1695927388,4281
1695987811,1849
1696146517,1777
1696296012,1728
1696441449,1680
1696638445,142
1696669259,281
1696670311,176
1696713809,1986
1696763252,132
1696771757,287
1696780711,276
1696781739,180
1696852067,1675
1696992355,1668
1697133664,1622
1697264890,3991
1697270058,280
1697271076,195
1697282155,1624
1697430631,1575
1698186606,271
1698187929,190
1701264943,4022
1701270915,273
1701272206,143
1701624166,113
1701704263,276
1701705610,184
1702967462,113
1702972287,281
1702973612,173
1703393472,2428
1703413952,1702
1703436464,6990
1703467183,4673
1703491758,4300
1703575754,4843
1703594182,3656
1703616684,4571
1703696570,5083
1703735483,4107
1703831721,4964
1703852242,3710
1703883978,2683
1703961788,5795
1703979188,5133
1704033483,4759
1704106158,6442
1704156360,3197
1704231091,5930
1705264935,4746
1705271129,278
1705272431,176
1708749062,117
1708753068,282
1708754083,197
1708893429,126
1708897263,281
1708898266,181
1709041913,117
1709045469,282
1709046484,175
1709201665,116
1709205151,287
1709206194,171
1709264949,3648
1709273758,281
1709275086,172
1709349111,117
1709352929,277
1709354228,183
1709488401,117
1709491863,280
1709493172,173
1709567220,154
1709579996,279
1709581294,184
1713251631,141
1713259733,280
1713260902,171
1713264952,3819
1713270278,280
1713271604,175
1717264963,4154
1717269117,110
1717269448,287
1717270468,173
1718232788,124
1718243833,285
1718245154,172
1721175764,117
1721195864,285
1721197178,172
1721264926,3618
1725264942,3366
1729264955,2892
1733264919,4065
1734517190,116
1734543928,276
1734545266,176
1737264949,4211
1737271408,276
1737272451,174
1738289373,117
1738303164,280
1738304502,173
1741264944,3488
1745264942,2739
1747087140,117
1747150391,277
1747151708,142
1747268299,142
1747291992,287
1747293322,183
1747348584,123
1747364505,274
1747365834,175
1747493527,138
1747883813,118
1747912775,279
1747913818,171
1748457854,117
1748471099,275
1748472135,172
1749264897,5376
1749270273,381
1749271993,279
1749273293,176
1750242611,137
1751393405,142
1751414092,275
1751415434,174
1752034058,177
1753264914,4336
1753270218,294
1753271555,183
1757264930,3696
1757269779,280
1757271115,177
1758345318,117
1758354631,294
1758355971,175
1758458211,13170
1761139123,16173
1761264931,3754
1761269491,280
1761270795,172
1765264942,3918
1765269577,285
1765270922,176
1769264917,3793
1769268710,106
1769269340,287
1769270708,170
1769538576,2642
1769892873,2067
1773264936,3746
1773272093,281
1773273417,174
1774491448,13175
1774837312,10797
1775894911,15815
1776518411,16097
1777264950,4079
1777269029,110
1777270258,284
1777271568,177
1778401207,117
1778410254,281
1778411593,177
1779040262,13133
1779298478,10860
1781138262,16077
1781264913,3558
1781269470,241
1781270682,143
1781280142,16151
1781296293,212
1782591689,13156
1783357864,10642
1783518010,16199
1783785080,16169
1784750077,13163
1785091099,15889
1785264927,2754
1786479385,13155
1786845320,10812
1788776097,118
1789264945,2048
1789279470,16421
1789304557,16177
1790163005,123
1790288256,286
1790289619,178
1790290968,119
1790301736,282
1790303106,175
1790303679,107
1790313644,281
1790314966,182
1790325583,108
1790335676,285
1790336979,175
1790437595,116
1790491801,312
1790493175,188
1790497164,110
1790514716,283
1790516049,175
1790521674,107
1790545780,312
1790546978,175
1790563073,275
1790564227,249
1790572187,276
1790581264,277
1790582450,174
1790585363,108
1790601058,279
1790602246,171
1790619002,275
1790620181,174
1790636388,108
1790652431,274
1790661658,279
1790662822,183
1790736363,117
1790764375,282
1790765541,180
1790792969,282
1790794138,175
1790821599,273
1790830722,277
1790831904,172
1790906000,279
1790907164,172
1790953485,112
1790967992,279
1790969163,173
1791004058,281
1791005248,177
1791006315,108
1791047015,229
1791148803,277
1791150129,172
1791156818,106
1791164855,284
1791166055,171
1791174742,118
1791200603,278
1791201789,173
1791239092,118
1791246315,281
1791247506,173
1791253156,108
1791268130,282
1791269296,172
1791367634,276
1791368822,174
1791372903,109
1791387636,287
1791388808,183
1791391811,106
1791406488,283
1791407691,173
1791424423,280
1791425588,172
1791451780,285
1791452943,178
1791518861,115
1791554498,282
1791555669,178
1791601737,143
1791618956,285
1791620128,172
1791624994,104
1791641300,283
1791642473,176
1791688660,118
1791800454,284
1791801479,184
1791814843,109
1791822602,281
1791823611,188
1791848135,281
1791849162,175
1791898775,129
1792081027,218
1792871784,147
1792871931,236
1793155622,274
1793170047,299
1793206906,150
1793264930,10666
1793792340,210
1794310435,371
1794310806,272
1794440984,103
1794441087,152
1794441239,137
1794441376,136
1794441512,106
1794441618,115
1794441733,108
1794441841,101
1794442039,141
1794442605,105
1794458852,290
1794459971,697
1797264940,7095
1797273863,275
1797274899,172
1798456831,117
1798474748,282
1798476086,172
1801264953,3524
1805264969,2828
1809264916,3169
1809612524,133
1809631952,279
1809632994,172
1809818494,122
1809838167,279
1809839172,176
1810030088,4342
1810143759,1964
1810969127,2369
1812025230,126
1812138620,273
1812139644,179
1812836944,133
1812853242,284
1812854249,172
1813264900,5469
1813270369,131
1813272396,291
1813273733,197
1813277339,138
1815001537,129
1815026134,288
1815027475,187
1817264943,4151
1817335606,278
1817336644,188
1817884290,2872
1818517836,153
1818529447,274
1818530768,175
1819433757,12916
1821139517,16186
1821264927,4740
1821269961,281
1821270983,179
1821475398,116
1821500234,281
1821501538,195
1823230907,13246
1825264937,3604
1825269441,241
1825270666,143
1825280391,16301
1826507571,12868
1827936871,10843
1828442220,122
1828742172,16047
1829264962,2929
1829268975,243
1829270195,162
1829280816,16145
1830887600,12992
1832055790,259
1832057000,150
1832575031,235
1832575942,144
1832796079,236
1832796979,142
1832982323,243
1832983233,144
1833264934,3175
1833268758,240
1833269982,144
1833280465,16120
1833529164,116
1833532751,301
1833534067,205
1833758548,124
1833762280,279
1833763619,173
1833943902,123
1833947425,274
1833948739,198
1834457948,128
1834461578,282
1834462910,172
1834510463,13219
1834652563,240
1834653780,151
1834873677,108
1834876815,241
1834878017,142
1835145050,125
1835148176,241
1835149101,145
1835339599,241
1835340505,143
1835593577,107
1835596835,231
1835597736,156
1836173406,16117
1836542490,156
1836545935,118
1836549565,290
1836550614,172
1837264934,4218
1837269152,112
1837269264,201
1837274821,279
1837275839,172
1838575624,114
1838585437,279
1838586754,176
1838877676,13091
1840533230,16142
1841264913,4097
1841270070,104
1841282426,276
1841283745,204
1842489149,13168
1844603443,16227
1845264968,3635
1845277453,280
1845278798,173
1846819669,140
1846870220,277
1846871551,144
1847546112,13112
1849264936,3100
1849274034,239
1849275251,145
1849281588,15971
1850511459,12906
1851504988,102
1851519330,238
1851520540,146
1851628170,16052
1851992123,2549
1852544065,2204
1853113432,1666
1853264931,5276
1853278546,281
1853279871,195
1854495386,13124
1856832875,15996
1857264945,3952
1857280449,273
1857281783,172
1858479245,119
1858483205,281
1858484207,176
1858505172,12989
1858640690,242
1858641900,145
1858772109,1852
1858882305,16357
1859304621,1819
1859517494,284
1859518832,172
1860199588,1763
1860522495,13195
1860588464,16207
1861264960,3363
1862501644,13175
1865264948,2961
1865281973,16394
1866506325,12973
1868985257,15976
1869264964,2372
1870489882,13204
1873264919,2535
1873281423,16305
1874525477,12934
1874773264,15911
1875541386,116
1875556519,298
1875557867,174
1875989742,12968
1876871631,16245
1877264888,3519
1877270361,281
1877271670,171
1878334656,280
1878335665,207
1878508725,12896
1878527386,105
1878530511,240
1878531419,119
1878686734,109
1878695167,240
1878696402,143
1878716826,106
1878720158,240
1878721346,152
1878893986,111
1878897388,241
1878898606,143
1878979620,237
1878980832,151
1879077613,245
1879078833,143
1879127441,110
1879136248,241
1879137420,120
1879260946,241
1879262163,144
1879335471,236
1879336685,147
1879480793,240
1879481984,155
1879558090,242
1879559303,148
1879650726,102
1879653776,244
1879654971,144
1879772023,245
1879773241,143
1879861659,111
1879864766,240
1879865964,143
1879971275,107
1879979218,237
1879980431,144
1880074659,240
1880075866,145
1880153388,241
1880154600,149
1880271281,112
1880274256,237
1880275446,172
1880330681,104
1880338083,236
1880339293,148
1880453562,103
1880456592,245
1880457796,145
1880540582,111
1880548438,241
1880549666,156
1880640936,107
1880643989,240
1880645175,148
1880745395,103
1880753223,243
1880754444,142
1880860101,242
1880861315,171
1880929170,241
1880930351,120
1881012530,241
1881013715,172
1881064894,110
1881072798,246
1881073997,146
1881140388,15974
1881186752,115
1881190040,301
1881191389,171
1881246127,131
1881254243,280
1881255551,177
1881264963,3267
1881374150,117
1881377649,305
1881379023,206
1881442742,128
1881452385,281
1881453697,174
1881550260,124
1881553717,289
1881555059,187
1881605573,117
1881614509,275
1881615805,207
1881740734,117
1881744084,281
1881745414,179
1881808917,283
1881810219,206
1881940423,125
1881943853,281
1881945147,174
1881990613,110
1881998882,284
1882000191,203
1882168766,117
1882172282,275
1882173607,171
1882238421,125
1882247849,277
1882249174,172
1882513877,117
1882517789,279
1882519131,13193
1882609820,238
1882611014,145
1882714653,239
1882715843,145
1882774563,241
1882775755,146
1882858138,242
1882859349,145
1882909130,110
1882916846,239
1882918063,143
1882996168,106
1882999280,241
1883000500,144
1883057010,239
1883058224,145
1883167181,101
1883170400,239
1883171606,156
1883231679,109
1883239616,236
1883240827,146
1883377216,235
1883378422,167
1883431375,107
1883439119,243
1883440334,155
1883546286,246
1883547498,144
1883604748,236
1883605953,142
1883744705,242
1883745897,172
1883803404,241
1883804618,143
1883901363,241
1883902556,147
1883985611,243
1883986808,148
1884119544,239
1884120754,150
1884191518,242
1884192717,172
1884374432,236
1884375636,143
1884454174,243
1884455414,172
1884535282,105
1884538339,244
1884539556,143
1884625524,244
1884626715,159
1884739037,241
1884740252,142
1884888542,113
1884896646,240
1884897856,164
1885008302,240
1885009517,148
1885113654,243
1885114851,145
1885208922,242
1885210128,143
1885264915,3054
1885267969,138
1885269571,262
1885270783,144
1885280422,16185
1885384163,133
1885387646,282
1885388977,173
1885444569,131
1885453680,285
1885455011,186
1885570523,129
1885574031,280
1885575334,178
1885630942,129
1885640179,275
1885641506,174
1885735430,116
1885738759,280
1885740087,171
1885808101,115
1885816407,285
1885817721,186
1885954556,132
1885957903,287
1885959263,173
1886014960,129
1886024028,281
1886025363,171
1886189048,131
1886192391,280
1886193715,174
1886246395,124
1886254747,310
1886256080,174
1886352886,131
1886356571,275
1886357886,179
1886405114,134
1886414234,279
1886415541,196
1886523859,12975
1886539909,242
1886541101,148
1886598662,103
1886606509,241
1886607718,143
1886702076,103
1886705108,241
1886706303,172
1886743264,16062
1886773759,129
1886782458,285
1886783795,178
1886892540,125
1886895967,279
1886897275,188
1886952971,117
1886961332,279
1886962638,206
1887055371,128
1887058803,282
1887060102,175
1887114313,285
1887115629,186
1887178251,117
1887181416,282
1887182736,207
1887240707,128
1887248631,277
1887249947,183
1887325848,276
1887327153,174
1887376901,125
1887385268,282
1887386604,172
1887465989,118
1887469256,281
1887470589,173
1887541779,117
1887549967,275
1887551261,178
1887619594,116
1887622955,281
1887624283,171
1887681037,117
1887689886,276
1887691212,207
1887796963,283
1887798299,173
1887858190,117
1887866158,280
1887867487,208
1887937040,125
1887940354,275
1887941677,175
1887970572,13164
1888060956,105
1888068600,248
1888069828,143
1888183609,239
1888184834,145
1888255499,236
1888256707,143
1888365066,103
1888368080,236
1888369291,173
1888418310,105
1888425967,236
1888427203,147
1888529784,244
1888531002,145
1888593420,109
1888601028,237
1888602231,144
1888671241,109
1888674126,243
1888675317,143
1888740904,104
1888748194,240
1888749413,143
1888825893,103
1888828761,236
1888829945,121
1888890947,242
1888892139,165
1888955943,119
1888958962,241
1888960159,147
1889019765,241
1889020974,143
1889128608,236
1889129818,142
1889194521,116
1889202304,242
1889203478,150
1889264925,2688
1889269164,260
1889270392,144
1889280125,16317
1889322542,115
1889331227,283
1889332583,177
1889426986,124
1889430280,280
1889431582,198
1889495969,288
1889497273,180
1889636909,135
1889640178,285
1889641541,177
1889709592,120
1889718178,279
1889719501,171
1889927726,115
1889931018,278
1889932321,197
1889983012,116
1889991645,279
1889992944,198
1890057783,117
1890061097,277
1890062428,177
1890113050,121
1890121467,281
1890122794,172
1890189858,120
1890193166,281
1890194489,170
1890260508,111
1890269326,281
1890270654,173
1890275035,149
1890349600,142
1890353050,282
1890354349,181
1890406959,143
1890415980,280
1890417279,180
1890486850,116
1890489990,281
1890491322,175
1890541109,116
1890549641,275
1890550954,172
1890635326,124
1890638572,283
1890639869,172
1890685479,115
1890693890,280
1890695201,171
1890766576,283
1890767880,198
1890829884,144
1890838459,276
1890839763,173
1890907951,281
1890909259,172
1890910456,13229
1890995185,238
1890996418,149
1891060000,240
1891061212,164
1891129916,103
1891137327,240
1891138540,143
1891229459,169
1891230140,238
1891231359,144
1891295185,127
1891299685,237
1891300917,149
1891387695,239
1891388905,144
1891453692,238
1891454929,142
1891525176,119
1891528154,242
1891529346,143
1891595231,240
1891596421,148
1891667505,104
1891670330,237
1891671539,147
1891739202,119
1891746908,243
1891748123,149
1891785271,131
1891808873,104
1891811634,239
1891812852,142
1891866197,103
1891873653,236
1891874866,143
1891958148,241
1891959359,145
1892015700,102
1892023470,242
1892024675,143
1892099658,240
1892100865,143
1892151883,103
1892159774,235
1892160959,165
1892245969,238
1892247179,145
1892299339,104
1892306567,240
1892307755,148
1892377870,245
1892379087,144
1892435865,240
1892437084,143
1892529729,103
1892532657,235
1892533864,146
1892597322,104
1892604661,239
1892605903,142
1892670956,239
1892672154,143
1892745349,241
1892746551,144
1892814434,106
1892817297,241
1892818518,141
1892875868,103
1892882978,238
1892884183,146
1892965707,243
1892966893,163
1893068377,119
1893075888,242
1893077075,146
1893169545,241
1893170758,145
1893227728,15876
1893261468,284
1893262635,144
1893264900,3947
1893270352,281
1893271369,172
1893336667,116
1893340175,276
1893341218,196
1893400894,284
1893401946,178
1893426594,273
1893427607,196
1893465698,110
1893477273,281
1893482081,278
1893483088,196
1893486797,109
1893496980,281
1893497988,198
1893548632,121
1893554361,283
1893555525,173
1893570538,110
1893579374,270
1893580399,174
1893658192,117
1893661522,283
1893662710,175
1893700536,277
1893701717,198
1893719654,110
1893732555,275
1893733715,173
1893810551,277
1893811738,176
1893861986,116
1893875879,275
1893876909,171
1893934685,116
1893938138,277
1893939166,175
1894011795,146
1894069366,283
1894070370,197
1894105713,107
1894109155,281
1894110164,180
1894187601,119
1894196694,283
1894197712,181
1894278744,132
1894282055,282
1894283090,186
1894330960,133
1894339223,279
1894340256,174
1894386048,117
1894430086,276
1894431118,171
1894442610,107
1894446180,279
1894447215,173
1894497880,120
1894506762,281
1894507805,173
1894589405,281
1894590422,176
1894641242,133
1894649673,285
1894650690,190
1894744679,132
1894748141,275
1894749174,173
1894795873,118
1894804050,283
1894805066,199
1894884969,116
1894888580,280
1894889593,196
1894932083,130
1894941011,276
1894942030,198
1895017057,134
1895020285,279
1895021298,171
1895083640,116
1895091263,286
1895092270,192
1895162463,118
1895165647,279
1895166680,172
1895222251,282
1895223296,172
1895323243,117
1895326412,283
1895327456,172
1895408239,116
1895416672,280
1895417683,191
1895499608,285
1895500624,174
1895546492,117
1895555046,284
1895556060,197
1895586237,13151
1895653879,263
1895654845,143
1895720761,240
1895721687,143
1895796354,104
1895799234,240
1895800137,159
1895866171,237
1895867073,164
1895959159,105
1895961985,246
1895962912,144
1896032165,240
1896033111,143
1896112762,103
1896115722,242
1896116650,166
1896182395,104
1896190354,247
1896191286,142
1896290775,248
1896291702,147
1896364505,242
1896365406,120
1896445561,101
1896448379,247
1896449312,143
1896525394,241
1896526291,147
1896619391,241
1896620291,165
1896688269,238
1896689189,145
1896773192,237
1896774105,158
1896841074,236
1896841992,145
1896909436,107
1896912222,242
1896913142,143
1896968821,101
1896976034,235
1896976961,149
1897001955,16016
1897080452,130
1897083459,277
1897084496,173
1897138828,133
1897146093,278
1897147140,178
1897206423,117
1897209442,280
1897210450,181
1897264907,5210
1897270117,126
1897270324,288
1897280240,281
1897281287,174
1897365135,116
1897368585,277
1897369628,172
1897435784,117
1897443989,283
1897445003,178
1897502349,124
1897505710,282
1897506737,171
1897566071,282
1897567090,185
1897645759,284
1897646802,172
1897716362,133
1897724473,284
1897725487,173
1897777804,117
1897781255,279
1897782294,173
1897849496,130
1897857761,280
1897858767,172
1897909901,131
1897913137,282
1897914139,179
1897982053,283
1897983072,174
1898047130,116
1898050171,282
1898051184,198
1898105474,134
1898113098,282
1898114116,174
1898167965,116
1898170986,288
1898172005,173
1898233495,117
1898241523,279
1898242547,174
1898293893,120
1898297141,307
1898298199,178
1898353291,135
1898360961,282
1898362012,173
1898441366,117
1898444388,274
1898445401,173
1898489693,12809
1898505871,101
1898513299,243
1898514219,151
1898569074,242
1898570004,148
1898632248,244
1898633353,146
1898676408,16073
1898695609,301
1898696660,174
1898752272,325
1898753359,173
1898772339,285
1898773356,196
1898825366,120
1898828576,279
1898829603,174
1898895022,119
1898902486,281
1898903504,171
1898966685,126
1898969740,284
1898970781,177
1899028119,117
1899036106,281
1899037144,173
1899091606,130
1899094680,280
1899095694,171
1899170906,280
1899171923,178
1899232927,133
1899236161,283
1899237192,198
1899295400,131
1899303372,278
1899304403,173
1899358890,125
1899362027,285
1899363033,175
1899422365,117
1899430051,284
1899431088,174
1899482785,116
1899485856,280
1899486844,143
1899552856,280
1899553887,173
1899614882,117
1899618096,289
1899619119,197
1899670176,116
1899677830,281
1899678849,173
1899739816,124
1899743027,325
1899744095,171
1899797148,128
1899805142,280
1899806143,198
1899881129,117
1899884280,278
1899885271,173
1899948707,116
1899956644,274
1899957650,178
1899994615,12938
1900088189,243
1900089109,146
1900152492,101
1900159213,242
1900160132,148
1900215763,240
1900216665,143
1900283557,103
1900290324,236
1900291262,144
1900356047,240
1900356990,144
1900423696,238
1900424596,145
1900483083,246
1900484014,144
1900582580,101
1900589515,241
1900590425,153
1900641987,105
1900644692,239
1900645597,143
1900725342,239
1900726239,145
1900786353,110
1900789123,244
1900790027,143
1900847803,101
1900854570,236
1900855490,146
1900909242,103
1900912092,240
1900913019,148
1900971284,240
1900972214,144
1901046453,106
1901049171,240
1901050116,143
1901113002,105
1901119611,243
1901120553,144
1901141679,16152
1901175472,116
1901178510,283
1901179558,174
1901238968,118
1901246753,281
1901247908,197
1901264923,3824
1901273492,282
1901274505,183
1901325989,121
1901329264,279
1901330276,183
1901395625,120
1901404086,285
1901405128,172
1901458123,123
1901461482,276
1901462519,178
1901522621,119
1901530556,276
1901531561,181
1901591247,115
1901594347,287
1901595391,196
1901652681,124
1901660199,284
1901661228,171
1901730481,119
1901733580,281
1901734610,183
1901797061,133
1901804587,286
1901805628,174
1901860551,134
1901863664,281
1901864686,170
1901918920,118
1901926542,309
1901927581,180
1902001932,283
1902002975,172
1902065342,124
1902073332,279
1902074336,198
1902128820,122
1902131918,275
1902132949,173
1902195487,276
1902196497,180
1902250700,116
1902253731,277
1902254769,174
1902318282,130
1902325793,283
1902326814,178
1902393034,133
1902396104,285
1902397123,173
1902462651,112
1902464115,226
1902470598,153
1902471093,284
1902472144,170
1902497928,13291
1902538250,260
1902539190,149
1902598860,110
1902605724,241
1902606622,142
1902766097,240
1902766994,153
1902883604,242
1902884513,145
1903015800,241
1903016717,143
1903127258,102
1903134214,239
1903135114,145
1903274359,238
1903275256,163
1903386314,103
1903393658,245
1903394583,148
1903524578,109
1903531996,241
1903532922,143
1905264952,2869
1905269764,242
1905270679,147
1905279495,16281
1906502219,12948
1907124499,16134
1907160840,4555
1907556102,1650
1907728157,1562
1908172552,1600
1908308759,1543
1908980505,1783
1909115672,1531
1909264948,3754
1909270039,276
1909271072,172
1911559767,117
1911570920,285
1911571946,171
1912761601,133
1912778395,280
1912779413,172
1913264944,5848
1913271794,176
1917264933,3941
1917270161,275
1917271484,182
1918798741,135
1918808415,286
1918809463,172
1919178351,12790
1921139935,16174
1921264968,3695
1921270901,282
1921272235,173
1923796975,2959
1923831763,13080
1924917404,13117
1924930663,116
1925264929,3464
1925269625,241
1925270826,153
1925281248,16500
1929264941,3942
1929269742,278
1929271071,175
1931691337,120
1931766728,282
1931768054,172
1933264939,3324
1934503122,13057
1935069236,16200
1935638639,8887
1936507021,6590
1937264915,3182
1937696188,144
1937749209,282
1937750532,198
1938091156,1833
1938855198,130
1938866124,284
1938867457,175
1939503987,12759
1939612247,16445
1941216575,201
1941225680,282
1941226729,171
1941264908,4289
1941271646,279
1941272970,172
1943912681,8949
1943938934,13045
1944079301,16383
1944117422,1811
1945264939,3853
1945270369,286
1945271383,182
1945764532,121
1945780088,280
1945781416,174
1945980918,114
1946014491,278
1946015814,196
1946294264,121
1946303436,282
1946304736,141
1947470142,13093
1948211735,15986
1948372651,116
1948393664,286
1948395002,173
1949264930,5249
1949270682,280
1949272019,171
1950390588,6614
1951614617,108
1951628403,275
1951629733,187
1952051075,12788
1953017210,15892
1953264924,3562
1954522840,13004
1955518065,15889
1956105596,2445
1956701582,136
1957264942,2641
1958911709,122
1958923147,281
1958924452,191
1961264916,2980
1964940774,6578
1965264942,2856
1965764524,8134
1967062373,13218
1967323351,10741
1968304987,16336
1969264946,2446
1969282970,16419
1970517879,13205
1972590389,16319
1973264947,5229
1976568449,147
1977264934,3415
1978968965,134
1978980735,298
1978982086,176
1979609833,13083
1980085359,16188
1980601705,13050
1981139810,16110
1981223368,140
1981241660,283
1981243021,174
1981264951,3424
1982504661,13144
1982953132,16200
1983297119,13222
1983628675,16229
1984186442,13132
1985264954,2314
1985280509,16434
1986871309,13132
1987747958,10759
1989264936,2354
1989283193,16057
1990512369,117
1990528478,284
1990529808,198
1990717352,125
1990741328,279
1990742634,197
1991983186,13027
1992048090,11059
1992515494,106
1992964712,16133
1993126266,16120
1993264936,3362
1994495660,17121
1994586398,16451
1997264955,2588
1998299485,312
1998300552,187
1999036121,283
1999037453,195
1999716791,13170
2001233914,16347
2001264933,3193
2004152882,13128
2005264941,10476
2005282948,16237
2006506357,12844
2009264945,2609
2009281053,16383
2009488434,1599
2009494223,282
2009495561,181
2011238895,117
2011287489,280
2011288865,172
2012334738,121
2012456952,274
2012457979,176
2013264907,5841
2013270748,563
2013272669,283
2013274002,170
2014714201,13144
2016615932,15907
2017264945,5392
2017270390,282
2017271737,173
2019082353,116
2019093066,291
2019094447,173
2021264952,4129
2021270004,281
2021271317,143
2022518140,12916
2023057840,16194
2023612104,13281
2024761849,115
2025264965,3120
2025269027,245
2025270262,144
2025280473,16133
2027204530,13048
2028742881,16591
2029264938,3647
2029272123,280
2029273456,172
2031134000,125
2031151876,281
2031153225,172
2033264943,4957
2033270971,172
2034827980,12820
2035783324,16236
2036970732,12996
2037264959,2684
2037269186,241
2037270383,158
2037281440,16410
2038502463,13151
2038743731,16212
2038768515,12946
2039146742,265
2039147693,143
2039971532,10708
2040087811,232
2040088980,136
2040594081,16368
2041237589,16402
2041264923,3675
2041271720,280
2041273030,172
2042112010,135
2042128973,279
2042130305,171
2042183431,110
2042194830,274
2042196130,141
2042510759,13005
2043087500,16502
2043603861,122
2043654756,301
2043656094,193
2045051495,13213
2045264952,3371
2045280035,16712
2045993391,134
2046142079,276
2046143388,207
2047276575,124
2047281943,275
2047283303,173
2048292233,13135
2048446807,10829
2049005271,15861
2049264958,3280
2049270595,240
2049271792,164
2049279888,16403
2051033255,124
2051052019,282
2051053058,177
2051723990,140
2051736733,280
2051738040,183
2052221065,13060
2053264928,2805
2053279633,16470
2054513293,12962
2057192409,15988
2057264930,3229
2058828326,12880
2058875676,15889
2058994457,12971
2059101748,16035
2059194286,117
2059205520,279
2059206826,173
2060803828,12907
2061187412,16250
2061264950,2976
2062480199,13115
2065264967,2045
2065282158,16344
2066118952,117
2066156985,275
2066158316,170
2069264939,3877
2069268816,108
2069271295,281
2069272628,177
2070505564,13125
2071543912,117
2071567214,260
2071568469,142
2073264940,2632
2073281383,16277
2074519871,12962
2074980535,16315
2075192593,125
2075203447,280
2075204779,172
2077264912,4845
2077269757,131
2077270041,286
2077271420,175
2077327037,118
2077337068,286
2077338381,178
2079251325,118
2079261369,281
2079262708,177
2079797376,13092
2079901261,15935
2080320448,4360
2080897966,145
2081264920,3554
2082467302,13152
2082492096,10741
2083408837,16295
2084650676,10840
2084670208,16144
2085264944,2347
2085279904,16291
2086495687,13106
2088845312,10824
2089264922,2024
2089280825,16517
2090505966,13068
2091507688,16182
2091691652,13052
2092790827,10821
2093264921,2913
2093281143,16622
2094207294,125
2094262383,284
2094263723,182
2094537330,13184
2096673155,10732
2097264936,2912
2097269529,228
2097270712,143
2097280215,16301
2098743493,2829
2099307327,118
2099317976,288
2099319315,171
2100841160,12893
2101139452,16036
2101264966,4950
2102489261,12904
2103546226,16140
2105264963,14238
2105282568,16107
2106504177,12858
2108632445,16109
2109264948,2483
2109282188,16305
2110492195,13221
2112141392,10752
2113264958,1999
2113266957,234
2113281478,16182
2114518207,12899
2117207458,107
2117238456,221
2117239623,136
2117241277,16194
2117264934,2621
2117281607,16296
2119066411,13184
2119188148,16328
2119363831,117
2119375902,309
2119377265,169
2119684551,126
2119688789,280
2119690109,173
2120301002,13186
2120740640,1796
2120919662,10740
2121139078,16106
2121264904,2549
2121279996,15932
2122523022,13101
2123027080,10675
2123684091,16203
2124640768,8908
2124924605,10813
2125264948,2183
2125282305,16088
2126495786,13192
2126517660,10631
2129264924,1992
2129280687,16063
2130503294,13320
2131864580,10631
2131893214,226
2131894103,136
2131984098,228
2131985269,138
2131994374,16142
2133264925,2665
2133279388,15910
2134481421,13147
2134516181,10627
2135973517,16179
2137264955,2021
2137281991,16074
2138692640,12912
2139372797,117
2139387012,239
2139388208,147
2140623664,10565
2141141196,16092
2141264911,2396
2141279759,16160
2142507642,13114
2142529416,10789
2142820385,16433
2145055508,10895
2145178715,16083
2145264925,2277
2145281566,16337
2146497748,13184
2146519589,10804
2148775286,16137
2149264944,2191
2149281757,16343
2150495043,13290
2150522310,10793
2150768039,15919
2151843767,242
2151845000,143
2152519367,10769
2153264920,3237
2153280862,16368
2154486200,13138
2154516226,10713
2157264931,2365
2157280908,16208
2158824353,13148
2160761221,10626
2161140217,16074
2161264948,2397
2161279732,16072
2162488289,13158
2162516767,10808
2163565958,16226
2165264944,2793
2165281050,16189
2166473843,13064
2166506713,10562
2168295935,16328
2169264921,2016
2169279831,15916
2170453382,13294
2172128039,10876
2173183252,16212
2173264941,1994
2173278722,15962
2174450164,13106
2174517424,10637
2177264958,1951
2177279705,16006
2177723924,16164
2179329369,13151
2179567815,16090
2179600059,13122
2179665837,16122
2179974400,13184
2180899734,10609
2181138028,15862
2181264928,2121
2181284487,16074
2182512553,13152
2182873894,10789
2184030097,16204
2185264947,2037
2185279604,16111
2186480234,12959
2187280436,10678
2189264946,2321
2189279751,16358
2189306915,280
2189308218,171
2189382984,116
2189402411,280
2189403714,184
2190593286,13210
2191027862,16473
2191463216,148
2191672880,12911
2191771223,235
2191772429,156
2193264924,2893
2193280194,16352
2194097538,119
2194102481,303
2194103808,175
2194484830,12796
2195324122,10874
2196899999,15934
2197264931,2618
2197561712,16224
2199088087,13024
2199496881,16370
2199667905,13136
2199713921,16084
2200704067,12906
2201034910,10820
2201138043,16040
2201264945,1989
2201280539,16577
2202910765,13164
2203536598,10602
2204165123,16104
2205264924,2478
2205278706,15711
2205304609,282
2205305916,188
2206483644,12798
2206958526,10887
2209264923,2118
2209280824,16315
2210480528,13118
2210516465,10595
2210880089,16286
2211852194,16199
2212385410,13050
2212755650,239
2212756560,144
2213264894,5121
2213270015,352
2213270471,285
2213271447,144
2213279562,15978
2213379700,117
2213446319,286
2213447404,172
2213817509,117
2213840113,285
2213841430,194
2213999254,3994
2214153852,2022
2214211936,116
2214229046,279
2214230358,143
2215594713,13219
2215832983,126
2216214343,10635
2217264959,31054
2217297566,302
2217298925,172
2219408113,13203
2219942162,16187
2221041386,13121
2221139682,16222
2221264936,4067
2221272973,283
2221274307,172
2222481430,13185
2222697177,16123
2223603109,12805
2224044267,10904
2224287446,15984
2225264947,3149
2225269409,238
2225270623,149
2225279716,16127
2226453140,13119
2227750772,10873
2229028356,16184
2229264945,3325
2229268706,242
2229269911,142
2229279962,16180
2230454269,13136
2230482247,10843
2231287901,16001
2232405068,16062
2232514516,13257
2233264923,2501
2233268514,238
2233269718,144
2233278552,16181
2234485847,12963
2234517572,10791
2236192849,16132
2237264927,2668
2237268609,239
2237269840,145
2237281454,16251
2238498325,13286
2238648255,16199
2239302622,13086
2239894331,10624
2239974818,16165
2241128991,16167
2241145158,137
2241228006,117
2241247508,318
2241248707,174
2241264946,3886
2241272790,280
2241274109,186
2242481087,13266
2242593362,10640
2242758745,16082
2243984750,10778
2244170981,16370
2244480660,16069
2245264951,3111
2246476410,13270
2246874795,10726
2247182806,16194
2249264923,2179
2249278453,16324
2250484788,13103
2251437141,16121
2251940560,115
2251954998,279
2251956300,196
2252173894,13106
2253063959,16311
2253264950,2844
2253464721,3465
2253494408,15478
2254530060,12919
2256888369,131
2257264956,2467
2257279176,16320
2258484919,12928
2258786650,16220
2259391553,12868
2260033159,10753
2260110171,16248
2261140290,16191
2261264932,2606
2262466725,13195
2262498235,10872
2262816012,13352
2262841186,16180
2264288912,16038
2264333669,12807
2264367572,129
2265264937,2549
2265279419,16015
2265299376,108
2265320834,275
2265322170,174
2265322803,108
2265325842,279
2265327139,173
2265403689,126
2265407815,284
2265409151,170
2265599818,138
2266475212,13078
2269264915,2292
2269279402,16004
2270475595,13004
2271751298,239
2271752509,158
2271764095,132
2272031152,236
2272032357,143
2273264923,3310
2273280174,16050
2274489008,12798
2274945524,10845
2277264940,2054
2277279273,16054
2278292870,16303
2278521882,13176
2278592565,16337
2279824441,13108
2280174649,10661
2280244137,16488
2281138027,16057
2281264912,2360
2282388676,12979
2282464298,10659
2284637805,16210
2285264916,2064
2287477891,10853
2289264936,1828
2289278576,16242
2290869107,10839
2291686648,15949
2292640418,16089
2293264895,2234
2293912473,13109
2294426627,102
2294475631,242
2294476838,144
2295937255,10802
2297264928,2272
2297279203,16058
2298481586,16143
2298527402,12863
2298640993,16137
2299060654,118
2299147731,275
2299149036,177
2299951926,13157
2301140897,16031
2301264920,3429
2302387486,12966
2302492751,10770
2304761820,16192
2304935857,124
2305264959,2193
2306515863,10639
2307391492,16088
2308616959,10631
2309133387,16089
2309257011,21120
2309677425,150
2309695645,308
2309696991,177
2310544114,13051
2313049369,10814
2313264923,2186
2313281365,15973
2314518100,10830
2316381592,16081
2317264935,1920
2317294291,16170
2317604918,13130
2318528907,10716
2318564350,16035
2319149864,16337
2319798369,13165
2320395404,10569
2320493264,16001
2321140467,16014
2321264925,2321
2321611311,115
2321634787,281
2321636124,171
2322464530,12975
2322957594,10862
2324896770,16225
2325264939,2302
2327956224,10806
2328668249,16363
2329264940,2176
2329281397,16160
2330521223,12851
2331805600,10553
2331947762,16118
2332915441,16199
2333185600,13185
2333264926,3805
2334150335,113
2334230648,243
2334231871,144
2334483758,10808
2336393665,16181
2337170774,130
2337264936,3171
2338517993,10740
2338697254,16131
2339289951,16193
2339932975,12974
2340538275,10861
2340622968,16135
2341140110,16392
2341264938,3044
2341443836,129
2341476968,282
2341478301,169
2341623028,138
2341631580,279
2341632896,174
2341863674,134
2341871151,278
2341872477,171
2341929213,128
2341933851,280
2341935153,197
2342014208,281
2342015557,179
2342393187,137
2342399759,12978
2343211966,10906
2344012865,122
2344435681,108
2345029593,16061
2345264942,2846
2346509707,10608
2346897782,16082
2348137467,10877
2349225702,16122
2349264920,2448
2351887354,129
2351920473,10627
2352063804,227
2352064682,155
2352084446,16183
2353027702,244
2353028915,165
2353264929,2389
2353280343,16263
2354105194,149
2354199706,13113
2354525221,10640
2355436858,16007
2356683148,10819
2356903222,122
2356951540,16146
2357094315,15814
2357264957,3085
2358427984,13192
2358507017,10721
2358833294,15943
2359284506,114
2359431807,15975
2360068310,13054
2361030419,16346
2361264912,3352
2362435260,12997
2362493137,10836
2363475453,107
2364008034,16177
2365264934,2619
2366523101,10736
2366959849,16204
2368188060,10847
2368596750,16111
2368632447,124
2369264940,2732
2369281503,16054
2370464879,13042
2370513275,10626
2372009669,134
2372221230,16134
2373264910,3188
2373281672,15876
2373458513,12994
2374493546,10853
2375619138,247
2375620345,134
2376161820,16193
2376792282,16100
2377264884,3984
2377271160,280
2377272487,174
2378465829,13125
2379278130,102
2379389774,214
2379389988,129
2379417901,16023
2379443144,274
2379444485,179
2379863763,3886
2380095530,121
2380095651,112
2380162831,354
2380164247,175
2380184666,132
2380226518,287
2380227895,198
2380501786,127
2380541892,276
2380543224,172
2380575370,109
2380642646,355
2380644062,174
2381263471,132
2381264947,5577
2381286904,276
2381288210,207
2382460502,13146
2382488663,10616
2382665679,16223
2384217389,10836
2384267375,16262
2385228300,16298
2385264954,5197
2386477552,13175
2386561372,10850
2386873122,16195
2389264934,2409
2389281804,16385
2389412715,115
2389439823,280
2389441153,177
2392501135,130
2392505389,282
2392506714,173
2392534933,108
2392544052,279
2392545355,178
2393264939,5235
2394542084,13109
2394841280,10911
2395109932,16207
2395474316,16007
2396587980,13150
2396802942,10944
2397053608,16136
2397264953,2314
2397280693,16058
2398508937,13097
2398973737,16197
2400522490,13164
2400663363,16232
2401264910,2863
2402472160,13127
2402657296,16220
2403813965,13106
2404278141,10821
2404330642,16125
2404514080,16329
2405264938,3302
2406537843,13099
2407587822,10896
2407846438,16128
2409264952,2155
2409280614,16357
2410510173,13056
2411144988,10832
2411240031,16189
2411651199,104
2411654806,363
2411662100,237
2411663311,164
2411679209,114
2411741706,122
2411761405,114
2412013042,120
2412300338,123
2412843994,290
2412844964,145
2413264889,3928
2413274542,240
2413275754,148
2413281539,16305
2414474598,148
2414517614,13022
2415117788,124
2415784601,10808
2416018683,16269
2416746315,113
2417264938,3071
2417280142,16151
2417302898,182
2417865439,136
2418057645,138
2418076813,153
2418505738,13200
2419105887,130
2419434044,241
2419435260,142
2419446022,16432
2419780051,339
2419781435,181
2420051193,117
2420055232,279
2420056542,178
2421264946,3563
2422497593,12805
2424513534,10543
2425264923,3075
2425272646,226
2425273819,138
2425280796,16394
2426506144,12797
2427859978,10542
2429264940,2164
2429280138,16321
2430493834,12969
2430515482,10464
2430648164,15886
2431121947,16052
2433264956,2328
2434477079,12929
2434604038,10415
2436119940,15874
2436688387,16145
2436900123,138
2436913419,281
2436914747,180
2437264943,3259
2438457848,13041
2438485529,10704
2439298075,15850
2439975935,16069
2440526721,12911
2441095507,15845
2441264923,2892
2442460112,12805
2442734264,16078
2443401431,12958
2444270222,10910
2445264944,2016
2445280727,16468
2446653145,13136
2447869446,10854
2448105277,16114
2449264921,2141
2449279444,16311
2450511687,13195
2452111861,10833
2452173433,229
2452174609,135
2452642947,16157
2453090780,16019
2453264914,3940
2454482124,13192
2454756072,10851
2455078458,16070
2455239046,16007
2456362425,13267
2456641695,10708
2457264946,1997
2457282351,16400
2458516054,12933
2458686433,16092
2459427964,16141
2460652343,13214
2460734797,16073
2461264950,3455
2462465354,13247
2462552387,10779
2462571897,16108
2464124699,10902
2464181972,16044
2465264930,1900
2465280405,16128
2466510132,13141
2467247886,10841
2467542378,15861
2469264932,2398
2469288800,16014
2470534592,13167
2470647220,10690
2470940553,16243
2472657290,16073
2473264935,2593
2474508501,17329
2475029210,16290
2475947285,12887
2476243811,121
2476267379,10544
2476650172,16286
2477264917,2459
2477280078,15952
2478468144,117
2478494109,278
2478495415,205
2480761715,13246
2481264925,3062
2481279438,16100
2482479019,13245
2482634422,10729
2485264954,2154
2485279594,16223
2486504697,13283
2486872114,10771
2488794443,16048
2489264907,2422
2489279124,16098
2489687165,117
2489743917,283
2489745246,172
2490501777,13128
2490523600,10841
2492847756,16101
2493264938,3299
2493272324,241
2493273499,144
2493305712,16141
2494431849,13196
2494514105,10858
2494633231,226
2494634395,163
2494641747,16413
2496558155,11010
2496577874,16278
2497264933,2799
2497279932,16455
2498498276,13362
2498538304,10764
2498777787,16007
2499630535,16218
2500648537,138
2500861899,13298
2501264967,2638
2501281370,16001
2502524402,13117
2502724932,10648
2502904563,16106
2504136098,10801
2505264928,2502
2505280446,16192
2505769333,16059
2506475523,12907
2507016861,10821
2509264934,1888
2509279411,16191
2510474611,13157
2510518028,10818
2511513588,16265
2513264904,2909
2513424694,16074
2514434912,12961
2514661429,10863
2515427741,15908
2515443649,128
2516862592,16047
2517264925,3057
2518475649,13240
2519763421,16441
2519788421,13158
2520455678,16215
2520997917,13229
2521190572,270
2521191817,144
2521264941,2777
2521279987,16215
2522807681,13230
2523083052,10567
2524488892,16001
2524853811,16016
2525264952,3049
2526427105,12964
2527093884,10773
2529264926,1788
2529278643,16310
2529303609,16220
2530480755,13186
2531844068,10795
2533053172,16267
2533264946,2027
2533293830,16034
2534453058,13204
2534890286,10786
2536008723,16059
2537264954,2072
2537278455,15877
2537398414,13238
2539584262,10668
2539898719,16097
2540592994,16213
2540617883,283
2540619189,206
2541133625,13208
2541188040,15962
2541230367,13030
2541264920,2435
2541283161,16057
2542334422,13159
2542895169,10691
2545264923,1819
2545278090,16022
2547231728,10663
2549264941,2144
2549278430,16078
2552270041,102
2552280481,240
2552281691,164
2552350260,10751
2553184229,16024
2553264915,3134
2553270103,238
2553271306,144
2553280360,16105
2554445774,13216
2554519066,10850
2556634460,225
2556635620,142
2557264922,2746
2557278823,16261
2558519430,10611
2560033462,16083
2560136425,15881
2561264932,2386
2561272773,13124
2561294608,16390
2562438085,12978
2562979219,10672
2564455868,16258
2565264960,2253
2567043783,348
2567117289,240
2567118492,166
2568676322,10740
2569138548,16302
2569264933,3839
2569270953,241
2569272162,145
2569295508,16171
2570373986,13188
2570537688,10781
2571701575,243
2571702755,135
2573264937,3174
2573279514,16252
2573319662,16034
2574500588,13163
2574662889,10825
2574984482,16097
2577032129,11010
2577264943,2041
2577278798,16324
2578533721,10623
2579487641,16160
2580270181,16173
2581264930,2539
2582366566,13152
2583066678,10566
2585264928,1958
2585280176,16324
2586204955,16179
2586518250,13238
2587449671,10796
2589264940,2003
2589278711,16319
2590496340,10802
2590860814,16091
2592101867,10807
2593264911,2028
2593280092,16350
2594635758,10723
2595458239,16291
2596855059,10799
2597264941,1830
2597279224,16056
2598495704,13136
2598590948,10765
2599147911,16024
2600944287,16164
2601264946,2390
2602751604,13042
2604065398,10777
2604933797,15909
2605264949,2389
2605279715,15908
2606434004,13118
2607530944,10761
2608555990,16063
2608780832,15935
2609264932,2508
2610470993,13260
2610991388,10867
2611838222,16261
2613264947,2355
2613278914,16258
2614518671,13268
2614721651,10820
2615062914,15900
2616457656,10640
2617052850,16072
2617264925,2040
2617279699,16101
2617339291,117
2617369094,278
2617370417,170
2618552284,13008
2618573961,10837
2619361545,16044
2620385094,16413
2620933553,13064
2621078295,16170
2621264921,2904
2622465464,13246
2623917601,10893
2624878507,16029
2625264943,2620
2625276406,240
2625277637,145
2625280130,16288
2626491799,13130
2626888249,107
2626914721,15849
2626930875,276
2626932193,208
2627084736,280
2627086044,204
2628221998,13054
2628254468,10876
2629264959,3117
2629269578,228
2629270742,133
2629281099,16203
2630484646,13266
2630516698,10686
2632042729,281
2632043947,135
2632047354,16062
2633264923,4556
2633269479,260
2633273267,244
2633274475,143
2633279932,16465
2633859023,4521
2636321290,13217
2636419877,10753
2637264930,2447
2637280859,16408
2638495278,13216
2639036448,10837
2639446334,228
2639447495,163
2640516442,16340
2641139069,16308
2641264895,4098
2641274715,280
2641276027,174
2643166509,13243
2643314411,10756
2645264960,2319
2645280131,16034
2647358093,13181
2648994565,10792
2649158051,16033
2649264922,2969
2649275870,242
2649277073,152
2649290949,16283
2650511913,13205
2651263319,10795
2652387350,225
2652388533,134
2653075833,16117
2653264957,2514
2653279906,16357
2653336883,133
2653344308,298
2653345655,174
2654599328,13148
2655025667,10741
2657264927,2723
2657280905,16439
2658515575,13305
2658543464,10843
2660646565,16311
2661138726,16173
2661264917,3944
2661268861,109
2661275217,278
2661276544,175
2663325545,13215
2663858613,16058
2665264945,2726
2666482248,12991
2667685251,240
2667686462,144
2668911940,10741
2669264962,2751
2669271799,237
2669272969,134
2669279982,16157
2670494604,13037
2670522648,10796
2671096678,104
2671113361,228
2671114525,137
2671132692,16053
2672356365,10924
2673264933,2290
2673278952,16283
2674527179,13255
2676414050,10809
2677264936,2601
2677272758,229
2677273907,111
2677278768,16063
2677299922,109
2677306308,276
2677307608,206
2678479433,13089
2678631480,10558
2679747892,16102
2680172136,15969
2681264960,3326
2682622893,13156
2683481199,10850
2685264968,2002
2685279569,16055
2689128933,10791
2689264929,1683
2689266612,121
2689278966,16084
2690186180,125
2690520179,10810
2693264949,2598
2693279074,16287
2694650463,127
2694678321,246
2694679540,172
2695916178,10942
2696807220,118
2696836059,236
2696837255,135
2696841876,16076
2696947183,260
2696957353,243
2696958551,148
2697264916,2659
2698471848,10645
2699052474,16052
2700860337,16056
2701052656,13147
2701138433,16188
2701264940,2404
2702713633,13192
2703558959,10797
2705264954,1817
2705280072,16230
2706509859,10824
2706818222,16086
2708067180,10756
2708318257,16159
2708861769,237
2708862980,142
2708994770,16036
2709181765,276
2709182795,174
2709264909,4342
2709275772,281
2709277098,189
2710438280,13193
2710480657,10830
2712026051,129
2712103452,16131
2713264933,3514
2713268852,270
2713270082,142
2713279560,16120
2714505766,13110
2715201611,10719
2716779099,132
2717264955,2612
2717276072,226
2717277257,134
2717279507,16159
2718511175,10773
2720992026,16052
2721140570,15926
2721167039,150
2721264925,3598
2721273431,289
2721274768,172
2722533289,156
2723184196,13188
2723648242,10763
2725264962,2787
2725272937,227
2725274100,143
2725279212,16376
2726489287,13271
2726606040,10894
2726773693,15939
2726818753,16145
2728268692,13238
2728408575,10742
2729264947,2054
2729279625,16102
2730517123,10773
2733264953,1794
2733280202,16229
2736101467,10745
2736465049,16156
2737264926,2307
2738462633,10755
2741125655,15878
2741165499,16137
2741264948,2565
2742962057,12996
2744056330,10658
2745264961,1878
2745281050,16178
2747100766,191
2747118026,276
2747119360,170
2747395418,124
2747409809,275
2747411146,170
2747461217,281
2747462545,201
2748075455,119
2748091228,279
2748092557,173
2749264920,4104
2749269024,118
2749274229,274
2749275542,175
2752495085,320
2752496162,174
2753264907,5666
2753273839,290
2753275155,174
2755410193,13281
2757264950,2917
2757272643,239
2757273856,158
2757280253,16388
2758489330,13059
2758517575,10756
2761139611,16214
2761264960,3197
2761268969,237
2761270180,146
2761277940,16350
2763783476,13207
2764229261,10762
2765009046,16137
2765264942,2732
2765272292,240
2765273491,152
2765280187,16264
2766489313,13180
2768406795,10813
2769264949,2745
2769274830,225
2769276001,136
2769281005,16377
2770486704,13354
2770516779,10817
2773264914,2931
2773271676,233
2773272872,137
2773281677,16397
2774510974,13106
2776668917,10786
2777264939,2555
2777268553,230
2777269718,139
2777281500,16407
2778510437,13197
2779940205,16193
2781166477,153
2781183235,312
2781184313,188
2781264934,3615
2781268549,112
2781274090,281
2781275421,177
2782610539,13005
2782720776,16156
2783132490,13164
2783952903,10751
2785174216,16079
2785230455,16075
2785264950,3388
2785272132,281
2785273457,176
2786478398,13201
2786516733,10784
2787268839,16068
2787610056,16045
2788540964,13259
2788833123,10575
2789264938,2825
2789271519,227
2789272687,143
2789282275,16282
2790276481,152
2790390354,275
2790391689,184
2790393548,118
2790404571,313
2790405901,142
2790409205,107
2790416753,282
2790418091,183
2790428384,119
2790437571,282
2790438880,184
2790444333,105
2790456260,333
2790457361,174
2790476325,129
2790540394,303
2790541719,195
2790543288,107
2790556909,340
2790566770,280
2790567927,173
2790576701,121
2790630621,282
2790631795,171
2790634500,108
2790661444,326
2790662680,171
2790684401,282
2790685585,187
2790693007,109
2790704539,278
2790705742,173
2790706826,108
2790720323,284
2790721484,251
2790741045,279
2790742203,182
2790750575,118
2790771418,277
2790772612,174
2790772958,118
2790780048,281
2790781230,171
2790851977,131
2790859530,282
2790860726,174
2790879709,109
2790899042,277
2790900222,173
2790900595,117
2790909846,278
2790911025,175
2790924176,109
2790933348,281
2790934537,170
2790941572,110
2790967157,278
2790968310,197
2790975066,109
2790990811,281
2791010976,275
2791011251,137
2791044280,282
2791045502,174
2791051410,111
2791091443,276
2791118408,278
2791143202,284
2791144373,172
2791182129,107
2791189420,282
2791190615,174
2791218597,109
2791226671,279
2791227828,192
2791239665,105
2791314007,276
2791322018,287
2791323210,172
2791369262,275
2791370440,173
2791373960,108
2791402156,286
2791403347,185
2791413127,117
2791438810,278
2791439992,185
2791446727,117
2791460078,277
2791461265,170
2791469149,118
2791486546,288
2791487736,174
2791494630,108
2791511937,281
2791513119,171
2791516100,109
2791538674,335
2791539916,174
2791542340,109
2791558846,283
2791560012,176
2791588134,108
2791607581,330
2791632597,274
2791633745,182
2791644120,108
2791659657,281
2791660845,175
2791663422,108
2791671161,290
2791672359,172
2791673388,118
2791684948,278
2791686159,170
2791689870,109
2791703794,387
2791706266,284
2791707420,181
2791715261,109
2791728644,283
2791729811,178
2791776260,135
2791783693,286
2791799222,278
2791800408,172
2791805160,108
2791816007,285
2791825151,280
2791826302,206
2791827736,107
2791853656,284
2791854851,171
2791872348,108
2791894095,280
2791895256,181
2791895609,106
2791902628,285
2791903825,263
2791911141,343
2791912391,172
2791912851,106
2791919674,280
2791920847,177
2791964561,122
2791972508,282
2791973697,184
2791984987,106
2791992288,280
2791993483,177
2791996215,110
2792024854,276
2792026037,194
2792056155,108
2792853863,155
2792854018,231
2792964781,342
2793264930,7435
2793272365,512
2793947525,156
2793947681,393
2794303614,530
2794304144,222
2794330057,128
2794594772,103
2794594875,144
2794595019,113
2794595132,130
2794611688,275
2794612883,544
2797264949,7525
2797272474,339
2797283425,274
2797284619,173
2798439672,13216
2798453055,155
2799943756,10843
2799954781,145
2801138021,16085
2801154276,145
2801264962,3602
2801269911,260
2801271117,148
2801284772,15825
2802701116,13248
2802824894,16205
2803219682,13171
2804060523,10644
2804664834,16057
2805264937,3218
2805268788,238
2805270001,143
2805280604,16133
2806486836,13283
2806508821,10869
2807433836,16057
2807906760,16159
2808673956,13245
2809264956,2782
2809268984,242
2809269918,144
2809281624,16150
2809740561,133
2809761728,306
2809763077,144
2810474273,124
2810506717,277
2810508059,191
2811008763,126
2811021284,272
2811022606,173
2811067861,124
2811082081,276
2811083444,169
2811493089,150
2811503252,275
2811504584,175
2811764692,131
2811773962,275
2811775280,173
2812156692,101
2812157948,125
2812171284,284
2812172606,189
2813264910,6851
2813272275,178
2813983564,117
2814009720,280
2814011067,171
2815199408,12889
2815811342,10781
2816830149,16025
2817059127,16056
2817264945,7838
2817276837,286
2817278148,180
2817475071,129
2817484936,277
2817486262,171
2818695671,12879
2819202718,10665
2819972261,16101
2820371714,16119
2821264960,3721
2821270731,287
2821271767,174
2821771706,279
2821773031,188
2823332638,13040
2824304457,10839
2825264952,2334
2825281345,16120
2826503498,13151
2829264925,2069
2829280447,16265
2830492660,13142
2830520628,10490
2832180521,154
2832609894,202
2833264941,2800
2833279520,16246
2834419333,173
2834503214,13165
2834791724,154
2835766975,10941
2835869150,106
2836121289,124
2836642714,154
2837264916,2981
2837281220,16181
2837956573,166
2838495883,13050
2838517539,10732
2840243348,143
2840999849,15959
2841027708,114
2841027822,102
2841243964,16280
2841264921,3206
2842844615,13094
2843040497,15966
2843381813,12970
2843832563,130
2844274829,10671
2844792941,16035
2845264950,3062
2845279860,16189
2846495328,13117
2846956589,10833
2847040814,242
2847041726,135
2847486398,16041
2847780619,237
2847781850,154
2847804849,16212
2847828212,107
2847845502,275
2847846807,183
2848967402,13069
2849027312,10806
2849074698,16248
2849264918,4437
2849273366,243
2849274571,143
2849279001,16948
2850484272,12929
2852307755,15955
2852425024,15928
2852591918,116
2852608527,280
2852609860,179
2852839796,116
2852855141,276
2852856467,172
2853264955,2883
2853460382,116
2853472714,277
2853474012,177
2854285118,115
2854316292,277
2854317616,176
2854369967,130
2854382169,271
2854383489,171
2855624737,13210
2856276156,10616
2857264940,2376
2857279434,16213
2858483257,12885
2858504813,10896
2859828832,15784
2859965795,106
2859975817,242
2859977018,145
2860285308,16127
2860301435,378
2860589067,115
2860599174,276
2860600499,170
2861264910,4485
2861269395,134
2861270822,280
2861272157,174
2861427652,272
2861428944,207
2862912665,12864
2864358367,10537
2865264954,2860
2865268898,228
2865270073,139
2865280107,16430
2866494497,12640
2869264939,2840
2869268722,226
2869269905,135
2869281026,15982
2870491367,13110
2870513161,10547
2873264959,3566
2873268813,230
2873269998,140
2873280162,16238
2874488567,12928
2874516946,10605
2875655626,16054
2875685310,260
2875686528,143
2876884966,10778
2877264925,2654
2877279369,15973
2878485187,12648
2881235881,16131
2881264923,2106
2881280795,16396
2882541081,13102
2883010826,10538
2883245138,15923
2884472690,10815
2885264942,2419
2885300230,226
2885301414,133
2885318480,16266
2885413577,117
2885430840,281
2885432171,171
2886525626,13141
2886565696,10590
2887643767,16062
2887926454,16408
2888227378,12938
2889042985,10719
2889264919,2415
2889279911,15976
2889304651,15949
2890502106,13161
2890523906,10868
2893264927,1821
2893279081,16155
2894497003,13175
2894518838,10733
2897264946,10904
2897280371,16029
2898499121,12616
2899165119,596
2899166655,142
2899352119,15898
2900662582,10468
2901137513,16032
2901264925,3358
2901281950,16278
2902508587,12831
2903088922,10816
2903375119,16114
2904603061,10881
2905264926,5829
2905281746,16296
2906492245,12972
2906519853,10584
2909230923,16009
2909264948,2247
2909280149,16342
2910508619,12907
2910624172,10561
2911699832,16125
2912904956,265
2912905903,142
2913264921,3165
2913274476,284
2913275714,142
2913280316,16137
2914476769,12628
2917264929,1952
2917281494,16402
2918482041,12967
2918525889,10808
2921236014,16206
2921264935,2391
2921279984,16278
2923192484,12910
2923329334,10579
2923508338,16202
2924734488,10663
2925264945,1819
2925278669,16209
2926493462,12976
2927024277,10713
2927291205,16155
2927456003,10645
2928196204,16173
2928760477,10618
2929264933,2126
2929279997,16173
2930420712,12886
2930486496,10649
2931421133,16147
2932577162,10578
2932831217,225
2932832387,134
2933264945,3324
2933278575,16291
2933303537,16028
2934481631,13168
2934530250,10734
2936249364,15968
2936302724,15911
2937264959,2704
2938457453,12804
2938522694,10573
2939678718,15851
2940936986,10438
2941235283,16013
2941264953,2457
2941280404,16081
2941530884,132
2941574327,301
2941575679,186
2942514379,12788
2943272024,10577
2943640337,16124
2944865971,10617
2945264937,2278
2945278668,16199
2946225971,16254
2946480005,12966
2946535719,10665
2949264941,1904
2949277941,15873
2950520306,10549
2952703372,104
2952714901,229
2952716066,135
2953264918,2573
2953278838,16130
2954467992,13080
2954506123,10684
2955369411,15855
2956424780,10755
2957264927,1971
2957279127,16138
2958494501,10861
2958672446,16250
2959925868,10549
2961264935,1908
2961280967,16303
2962504332,12907
2963359765,10585
2963771603,15935
2965020564,10745
2965264908,1871
2965278367,15730
2966453674,10433
2968455238,16069
2969264919,18405
2970500606,10554
2972443864,15808
2972866988,10853
2973264948,1923
2973278643,15797
2974477859,10817
2975869749,15917
2977264959,1910
2977278661,15925
2978439068,13112
2978475651,10499
2981160016,16071
2981264926,2038
2981277888,15841
2982491424,13187
2983454534,10772
2983908172,16317
2985152831,10558
2985264935,2402
2985268206,230
2985269357,138
2985280187,15850
2986502122,12790
2988080943,15761
2989264950,2055
2989278870,16437
2990451448,12751
2990491710,10901
2993264915,2709
2993280191,15949
2994477371,13191
2994505007,10782
2997264924,1924
2997280046,16334
2998476834,12892
2998498388,10890
3001234771,16049
3001264945,2219
3001279539,16429
3002514308,12917
3002791194,16152
3003500874,12838
3005264915,12432
3005292664,16307
3006505735,13031
3006549648,10705
3009264936,1887
3009279591,16318
3010475284,12827
3010739541,10526
3012204950,15639
3013264954,2094
3013280064,16038
3014588256,12909
3014798278,16182
3016791065,13050
3017264918,2420
3017279995,16239
3017706734,274
3017708063,172
3017708235,133
3019134631,13169
3019156443,10739
3019188271,15951
3019836937,15872
3020828013,305
3020829086,174
3021264885,4157
3021269042,110
3021271003,279
3021272332,177
3021683605,125
3021742441,280
3021743784,171
3022975650,110
3022993920,276
3022995242,194
3023882806,116
3023892979,277
3023894325,201
3025264933,4610
3025270117,276
3025271147,172
3025465034,116
3025688028,274
3025689348,173
3026494594,12817
3027170240,10502
3028845099,15867
3029264949,3815
3029270423,240
3029271631,142
3029279222,16410
3030491083,13120
3030512853,10473
3030750026,16042
3033264931,3799
3033268823,239
3033270024,142
3033280275,16404
3034486602,13238
3035355664,10500
3035699611,16095
3035901344,255
3035902551,173
3035945338,236
3035946547,149
3036994831,10799
3037264947,3274
3037269567,231
3037270750,136
3037280600,15958
3038499743,12809
3040947326,10542
3041125567,227
3041126450,133
3041139798,15685
3041264916,3146
3041268873,235
3041270081,154
3041278289,16222
3042792051,13074
3042998439,15847
3043755542,12833
3044111017,16098
3044203871,123
3044218034,281
3044219361,176
3044239466,13080
3044261206,15852
3045264961,3709
3045272752,284
3045274095,173
3046186704,142
3046201320,280
3046202616,183
3046477787,13151
3048980576,16237
3049264926,4224
3049269871,282
3049271185,177
3050485938,13160
3051792094,16240
3052811745,117
3052823955,281
3052824994,172
3053264919,4984
3053270042,277
3053271363,179
3053442880,133
3053458337,277
3053459664,172
3054635036,12924
3055084292,10455
3055829650,15719
3056057254,235
3056058459,143
3057040096,16091
3057064758,12848
3057264970,4579
3057270433,264
3057271662,153
3057278849,16377
3058495010,13259
3059576005,16242
3059654555,118
3059668015,279
3059669373,172
3060593012,125
3060602086,280
3060603089,204
3061219611,116
3061235481,280
3061236497,206
3061264920,4559
3061277651,280
3061278986,172
3062482531,12761
3063131240,15756
3063818987,12906
3063908787,16056
3064263954,126
3064279836,272
3064281163,197
3065264954,3472
3066461144,131
3066476950,275
3066478309,174
3067651795,13084
3067774104,10579
3069115479,16141
3069264956,3123
3069269618,239
3069270834,142
3069280222,15967
3070492089,12607
3071836904,232
3071838094,137
3073264931,2125
3073281130,16154
3074500193,12637
3075960406,16140
3077264940,2161
3077281423,16374
3078492496,13031
3079039402,10679
3081238686,15948
3081264919,2092
3081279062,16001
3082492156,13090
3082516705,10816
3082721819,16068
3083312739,16280
3083933564,12848
3084331893,241
3084333106,148
3085264900,2344
3085280077,16304
3086487803,12884
3086509322,10628
3087746897,15944
3087809961,16232
3089264942,2800
3090472306,12772
3090499386,10851
3091632376,16012
3092374064,10589
3093264947,1921
3093280566,16325
3094506562,12636
3096088967,15831
3096973322,10786
3097264919,3902
3097279717,16171
3098485830,12901
3098517178,10634
3098656776,15972
3098979556,240
3098980479,144
3099335722,15851
3099377607,277
3099378962,170
3099563762,117
3099574771,270
3099576092,173
3100488466,133
3100498240,285
3100499572,174
3101264920,4639
3101269559,108
3101270751,281
3101272051,177
3102481743,12630
3102852257,16118
3103418173,16035
3104068513,12898
3104387050,239
3104388240,147
3104640156,10711
3105264939,2525
3105282192,16062
3106489722,13211
3106511591,10800
3108915428,15953
3109264921,2272
3109281358,16314
3110508592,12997
3110534403,10735
3112107274,15704
3113264934,3341
3113278798,16038
3114471270,12840
3114498082,10871
3117264958,2057
3117278399,15761
3117302916,16191
3118499433,13134
3118537801,10572
3121237818,16157
3121264914,2064
3121279750,16052
3122500868,13195
3123509221,15936
3124433543,117
3124444474,301
3124445823,174
3124712275,13145
3124734083,16030
3124758698,12824
3125015838,10582
3125264923,2394
3125278194,15848
3126482146,12872
3127271039,10762
3129264947,1675
3129299551,16221
3130518996,13208
3130540859,10727
3132089723,102
3132102400,247
3132103577,134
3133264925,2250
3133279253,16416
3134476519,12839
3134498009,10876
3137264933,2096
3137278622,16046
3138478926,13120
3138520110,10824
3139505346,260
3139506561,134
3141236488,15904
3141264903,13447
3141278350,16769
3142495958,13224
3142517852,10546
3143106103,16047
3143635191,15953
3144262257,12754
3144498890,242
3144500105,146
3144850018,10540
3145264945,2348
3145279168,15994
3145303835,15870
3146465134,13226
3146523765,10548
3149264923,1812
3149294204,15850
3149499684,16242
3150502130,13163
3150527976,10790
3152932222,229
3152933414,138
3152933552,189
3153264939,2508
3153278386,15862
3153341296,15992
3154468416,13097
3154496991,10561
3157264947,2039
3157280824,16105
3157687529,13075
3158492190,10777
3161238765,16132
3161264920,13603
3161280897,16168
3162483530,12847
3162521661,10534
3163246065,16117
3163766100,15952
3164472579,12875
3164545415,110
3164556600,236
3164557843,142
3164993879,16040
3165264932,3665
3166228187,13226
3166465153,10485
3168418171,15699
3168442528,16444
3169264944,2446
3169695653,13092
3170810133,10764
3173264964,2594
3173280108,15983
3174502684,10513
3176586248,15871
3177264930,1930
3177814843,10781
3181137497,16059
3181264947,1767
3181280107,16114
3182465755,12992
3182824620,10794
3182887917,16073
3182994074,10469
3183013210,15811
3183880140,16350
3184475744,13074
3184610956,263
3184612165,146
3185264914,2794
3185271524,242
3185272735,154
3185278750,16058
3186436771,13092
3186466904,10516
3187162838,231
3187164006,135
3188329115,225
3188329340,137
3188330282,134
3188390084,15648
3188579703,15781
3189264899,5432
3189271148,278
3189272457,174
3190424431,13063
3190493670,10764
3191798292,228
3191799483,135
3193264932,2321
3193279121,16174
3194509972,10539
3197162254,15884
3197264958,1872
3198392084,10827
3199410088,16119
3199840182,10769
3201137819,15843
3201264936,1910
3201300474,15808
3202377974,12826
3202501043,10502
3203370252,15859
3204006250,15774
3204600795,12845
3204669701,243
3204670916,144
3205207504,10576
3205264932,2073
3205280530,15745
3207033122,10631
3209264959,1704
3209279937,16181
3210505941,12868
3210625714,10565
3213264928,1820
3213280674,16364
3214441562,13186
3214493338,10745
3214512787,15854
3216374126,10784
3217264946,1820
3217280478,16281
3217336545,279
3217337846,184
3218607928,13106
3218866995,102
3218877399,235
3218878611,153
3218911096,16171
3218940544,273
3218941876,174
3218945507,108
3218961722,275
3218963056,172
3218964340,110
3218999615,337
3219001003,172
3219003425,109
3219026504,275
3219027827,182
3219028095,109
3219039997,275
3219050910,324
3219052137,176
3219052340,130
3219063693,272
3219064856,176
3220184971,12918
3220198071,147
3220206648,10882
3220217738,138
3221137899,16067
3221154158,148
3221264949,3142
3221294644,240
3221295860,164
3222449157,10609
3222672568,16147
3224105824,15962
3224715454,115
3224724929,277
3224725933,178
3224790372,13100
3225264916,3080
3225269363,239
3225270577,144
3225283397,16104
3226531460,12823
3226561000,10610
3227064175,16104
3227587385,10799
3229264930,2486
3229271948,223
3229273129,135
3229282852,16396
3230498446,12593
3232540250,15792
3233264946,3544
3233279625,16060
3233767722,13107
3234525293,10573
3237264948,1784
3237279039,16128
3238443247,10781
3241237379,15832
3241264920,1904
3241279052,16327
3242493670,12894
3242547616,10804
3242959670,15761
3242997487,10474
3243583358,15850
3244258905,16162
3244771686,116
3244782969,302
3244784294,179
3244813570,12853
3245264941,2106
3245279261,16428
3245459565,13027
3246650272,10607
3246882343,15848
3247438498,16127
3248612067,13215
3249005589,10510
3249264959,1741
3249279566,16253
3250436162,12840
3251105111,10805
3253039705,227
3253040856,141
3253264929,2135
3253279554,16074
3254130130,16121
3254477452,13237
3254543995,10748
3257264943,1761
3257279406,15873
3258481536,10887
3261236200,16248
3261264918,1961
3261281048,16128
3262475710,13223
3262497605,10647
3263132254,15919
3264361523,15863
3264828544,118
3264839011,276
3264840344,172
3265041563,13090
3265264929,2158
3265278852,15972
3265600885,12864
3266494476,10533
3269264944,1533
3270035618,15934
3270475689,10861
3273264954,1587
3273279019,16128
3274476149,10857
3275067750,16019
3275092517,10735
3275173519,15870
3276451279,10463
3277205466,16061
3277264929,1796
3277302163,15988
3277667960,12898
3278474307,10648
3281235002,16073
3281264940,1845
3282378542,10713
3283940549,15944
3284494514,16023
3284884818,118
3284894933,302
3284896258,182
3285017731,13134
3285264955,2076
3285279821,16330
3285722871,12847
3286467291,10727
3288860321,15996
3289264920,1766
3289278394,16291
3290084659,12847
3290509699,10551
3293264930,2147
3294453395,15992
3294850604,10586
3297264939,1486
3299569407,230
3299570596,134
3299859111,15892
3301264919,3057
3301269405,240
3301270610,146
3302478517,10747
3304068202,16137
3304622810,15815
3304940830,116
3304950171,274
3304951213,174
3305143676,12862
3305264939,2488
3305269162,241
3305270375,151
3305279081,15946
3305309182,12866
3305715935,16203
3305817886,13116
3306485588,10795
3309264951,2105
3309269774,224
3309270659,133
3309411146,16024
3309803458,103
3309817351,258
3309818567,164
3310686596,10824
3311412408,15937
3311481104,10707
3313264953,2143
3316527099,15760
3317264923,1848
3317684998,10782
3320519047,15914
3320848384,15863
3321216375,117
3321233424,279
3321234449,172
3321264911,3232
3321270004,283
3321271051,176
3321880841,133
3321900387,281
3321901708,195
3322876979,115
3322890090,276
3322891414,173
3323955981,119
3323966179,275
3323967515,170
3324996939,116
3325007011,279
3325008344,172
3325264962,3527
3326470786,13072
3327072551,10828
3327206985,16061
3327799071,10757
3329264966,2219
3329280146,16140
3330478925,13084
3331563523,10533
3333264930,1752
3333279807,16301
3334476205,10707
3337264942,1647
3337279308,16220
3337547768,15926
3338476004,12914
3338497566,10792
3339946278,104
3339963554,253
3339964763,134
3341232758,16065
3341264911,2628
3341271334,236
3341272545,146
3341292641,16089
3342486326,13143
3342531294,10726
3344267590,16061
3344827741,16050
3345052574,133
3345062917,280
3345064222,143
3345264942,2853
3346494763,12855
3347197564,10884
3349264945,2093
3349279157,15880
3349303714,13143
3349559943,16015
3350481531,13138
3350524327,10579
3353084054,295
3353085006,154
3353093621,16046
3353264888,4097
3353279940,15978
3353671395,389
3353671784,140
3353783055,283
3353784519,724
3354553683,13138
3356376996,10639
3356811121,16203
3357264930,3482
3357268412,107
3357279404,16145
3358482660,13153
3358903835,10773
3361137778,16063
3361264933,2146
3361279514,16313
3362477790,13102
3362510182,10514
3364393582,15934
3364957498,15965
3365108456,115
3365120891,284
3365122224,196
3365264908,13885
3366483029,12895
3366631371,10806
3369264922,2428
3369279708,16316
3370505836,12951
3370988328,10796
3373264936,1756
3373277867,16046
3374526841,10546
3375745141,248
3375746342,136
3376656107,16084
3377264906,2960
3377269996,243
3377271216,142
3377293213,16239
3378438759,13120
3378518455,10570
3379617314,228
3379618593,147
3379770289,15783
3379948188,103
3379959817,234
3379961055,145
3380072432,237
3380073051,16556
3380158528,117
3380197224,275
3380198547,172
3380512111,118
3380523798,278
3380525121,171
3380574562,118
3380616976,285
3380618291,174
3380626002,107
3380636381,123
3380692482,278
3380693493,206
3381255577,130
3381264914,6171
3381271085,201
3381271665,280
3381272992,176
3381311323,109
3381328569,275
3381329898,172
3382440119,12806
3382470366,10512
3384523371,16127
3385086641,16113
3385166069,111
3385176854,287
3385177902,180
3385264999,3904
3385270423,281
3385271716,182
3386444751,13105
3386508031,10574
3389101225,15761
3389264959,2917
3389269043,245
3389270270,144
3389278649,16041
3390473311,12827
3390504573,10719
3393264928,2378
3393268679,233
3393269874,133
3393283540,16162
3394014273,124
3394215333,286
3394216695,174
3394505595,12805
3397264935,3505
3397268440,112
3397270291,226
3397271452,143
3397279790,16371
3398490934,13121
3398512717,10542
3400217669,16116
3401137434,15953
3401264943,3420
3401269450,281
3401270782,171
3402453270,12894
3402495233,10535
3404488941,15946
3404529731,10497
3404640299,16380
3405174900,16182
3405223432,124
3405233257,278
3405234261,175
3405264905,3626
3405272689,281
3405273994,172
3406436802,13132
3406720670,10543
3409264930,2461
3409268839,227
3409269994,141
3409279085,16276
3410475093,13047
3410514318,10551
3412964097,248
3412964987,150
3413264901,4441
3413270269,138
3413280134,16318
3414489041,13127
3415994182,10537
3416151209,15921
3416567512,10784
3417264924,2794
3417268575,226
3417269734,136
3417279501,16215
3418490025,13176
3418513959,10782
3421233209,15959
3421264935,11883
3421281767,16075
3422477820,12827
3422636937,10453
3424617941,15838
3425264938,2854
3425277940,241
3425279139,152
3425279918,16132
3426518755,12921
3426548464,10555
3426781924,16145
3427594093,10654
3429264908,2142
3429279004,16284
3430469130,13127
3430490923,10624
3431491882,16056
3431714763,15864
3432031155,126
3432045043,281
3432046358,174
3432566966,127
3432579006,274
3432580314,196
3433257009,124
3433264915,3484
3433271676,296
3433273014,174
3434448571,12874
3434488941,10667
3436919092,16000
3437264934,2555
3437280171,16124
3438483811,12971
3439066291,10803
3440533496,15733
3441170953,16093
3441264945,2710
3443367074,13989
3443602412,138
3443609051,988
3443673272,277
3443674628,193
3445264920,5669
3445272194,280
3445273235,173
3445322112,117
3445327023,991
3445336658,273
3445337975,171
3445740067,117
3445766487,275
3445766762,112
3445767811,174
3446165707,8697
3446373580,4461
3446612161,10274
3446772952,6969
3446920410,6690
3447079126,6476
3447226587,4300
3449264964,3684
3450483879,13054
3453080384,15809
3453264953,2694
3453504291,132
3453557297,280
3453558608,196
3454602078,132
3454616005,276
3454617317,187
3457264925,3654
3457514182,116
3457544829,284
3457546165,171
3457852271,110
3457856858,994
3457896716,280
3457898044,185
3461264939,4024
3462699568,111
3462707867,975
3462782934,11540686
3474323620,1234
3474359351,108
3474366793,990
3474437667,988
3475381841,19149
3475400990,145
3475570312,152
3476041197,153
3477133778,229
3477191304,144
3477264978,7401
3477297220,149
3477414421,152
3477453008,149
3477549112,193
3477567889,226
3477629524,155
3477898023,174
3478413077,993
3478450018,995
3478501848,994
3478527640,974
3478763659,150
3478782117,977
3478804369,983
3478927588,374
3479127773,152
3479569888,151
3479583820,145
3479587808,270
3479676997,154
3479678330,241
3479711856,149
3479879604,152
3480082492,151
3480335856,152
3480797805,147
3480834455,156
3481264939,6715
3481271654,240
3481897589,155
3481926156,193
3482360197,280
3482360477,278
3482361510,382
3482361892,312
3483295136,13203
3483754550,10816
3485264969,4830
3485269799,109
3485273511,223
3485274686,151
3485281966,16588
3486483271,13246
3487609189,10789
3489195345,16142
3489264989,2594
3489269516,240
3489270733,142
3489281866,16542
3490473281,12989
3490506949,10881
3493264951,3022
3493281589,16164
3493304498,281
3493305852,170
3494353202,128
3494373338,280
3494374641,181
3494474507,13266
3494508208,10640
3495163112,16370
3495451302,10897
3495470864,16262
3496350142,10770
3497264917,3068
3497269707,229
3497270892,153
3497282231,16535
3498471010,13089
3498803652,10713
3499051594,16384
3499435208,10500
3499741238,223
3499742418,135
3499748118,16266
3500340196,16316
3501264882,3459
3501270449,280
3501271790,177
3502434734,12937
3502464213,10708
3504466725,16378
3505264939,99124
3505364063,230
3506469989,13002
3506533724,10436
3509264932,2396
3509268788,227
3509269949,143
3509282758,16147
3510479790,12808
3510541979,10646
3513264934,2806
3513268714,232
3513269902,134
3513279954,16544
3514417695,108
3514428656,290
3514429990,180
3514777488,12747
3514934690,10670
3515277197,16142
3516745100,10699
3517138944,15540
3517190196,242
3517191104,146
3517264949,3454
3517272262,241
3517273453,146
3517275334,16296
3517359618,109
3517374522,275
3517375814,175
3518608837,12887
3518882629,10671
3519155479,16099
3519512115,10667
3521138522,15888
3521264922,3121
3521278353,16004
3521315723,281
3521317051,189
3522872761,13008
3523548631,10614
3525264941,2364
3525279411,16396
3526521271,13066
3526610538,10550
3526991966,16292
3527737606,10611
3529264944,1948
3529300321,16177
3529769254,102
3529833137,291
3529834171,181
3530372115,118
3530493311,276
3530494634,184
3530527488,13087
3530563742,10566
3531564258,233
3531565465,133
3533264917,5401
3533270957,155
3533280077,16177
3534474587,131
3534487203,285
3534488544,180
3534532105,12860
3535051762,10548
3535381663,16094
3535656811,10763
3537264930,2251
3537279398,16130
3538503262,12881
3539798507,10584
3541137495,16043
3541264938,2852
3541267790,311
3541278786,16139
3541622123,114
3541640539,280
3541641846,184
3542473413,12881
3542494942,10882
3545264911,2435
3545279062,16409
3545373438,2246
3545377657,281
3545378982,173
3546570284,12831
3546591795,10562
3549264936,2532
3549279127,16374
3550485309,12872
3550556881,10781
3553264928,8572
3553281113,16036
3554523765,13045
3554546026,240
3554547237,158
3554570337,15954
3554744567,13082
3555018661,10728
3555506289,15784
3555795862,10542
3556629053,270
3556630281,142
3557264904,2831
3557279368,16166
3558501016,13166
3559040707,10773
3559399577,16142
3559679822,10755
3560344052,15813
3560629364,10725
3560688040,16005
3561233993,16209
3561264908,2700
3562483305,12851
3565264932,4786
3565278571,16099
3566475638,13104
3566539707,10527
3566728543,16015
3567162669,10800
3567579480,16028
3567955264,10786
3569264949,1795
3569279931,16161
3570511119,12897
3571011914,10776
3571962667,247
3571963841,152
3573264922,2821
3573276169,223
3573277339,135
3573279718,16180
3574479253,13149
3574527690,10771
3574600866,228
3574602052,135
3574698142,16051
3574838505,10543
3575632819,15833
3575925158,10776
3576063642,16158
3576863078,10512
3577121860,16121
3577264937,2482
3577280998,16077
3578543931,12912
3580063049,10537
3580981468,16407
3581235284,16059
3581264949,2596
3582464510,13086
3582486264,10624
3585264951,1734
3585281029,16322
3586492450,12871
3586520116,10598
3589264938,5335
3589280329,16188
3590493467,13083
3590743986,10734
3593264942,2918
3593278754,16129
3593303558,16174
3594483778,12976
3594548099,10776
3594656254,250
3594657443,136
3594827000,15840
3594896699,10757
3595761005,15793
3596060461,10533
3597264913,2002
3597280300,16393
3598524184,13025
3599828447,10540
3600939421,15963
3601216311,112
3601233064,240
3601234268,143
3601264934,2624
3601283404,16311
3602730469,13129
3602838372,10483
3605228206,16064
3605264931,5605
3605278523,16114
3606484845,12858
3607337956,10771
3609046706,15682
3609264941,2386
3609279188,15973
3610548478,13099
3611467739,10771
3613264925,1733
3613281680,16192
3614507785,13120
3614712569,241
3614713779,146
3614954639,15813
3614984691,12784
3617062954,10744
3617264931,2325
3617270184,15864
3617295844,16354
3618589162,12865
3619273871,10548
3619724800,16317
3620950568,10508
3621064917,16066
3621107405,10535
3621151346,16005
3621264960,2512
3621278592,15783
3622462360,12867
3622506959,10752
3625264928,1805
3625278472,16023
3626439451,13125
3626522113,10550
3627226560,15845
3627243374,144
3627284284,15902
3627380437,133
3627405517,282
3627406809,182
3628504869,12903
3628559703,10562
3629264934,2657
3629270003,224
3629271182,133
3629280619,16330
3630477792,12771
3630509003,10585
3632158063,245
3632159255,136
3633264914,2834
3633269096,224
3633270267,142
3633280707,15815
3634521585,10559
3634758015,16005
3634781498,237
3634782708,148
3634988218,16026
3635081135,132
3635094943,271
3635096257,175
3635514966,116
3635521717,284
3635523021,174
3635685601,110
3635697525,281
3635698881,171
3636416591,110
3636425983,277
3636427281,181
3637264917,3933
3637271323,278
3637272623,183
3638477735,12849
3638512225,10596
3638859816,15848
3639378787,10536
3639564168,229
3639565354,138
3639851255,16251
3640083057,10735
3641190844,15886
3641264921,15563
3641282399,16008
3642487798,12951
3642514765,10726
3642857253,16003
3643326067,10796
3645264940,2185
3645302159,16336
3646518689,12911
3646549285,10738
3647171798,16120
3648371425,10574
3649264909,1843
3649296211,15996
3650505683,12553
3653264934,2617
3653281271,16071
3654523446,12910
3654756667,16142
3654828692,119
3654839885,280
3654841208,172
3655098222,12840
3655137907,10502
3656099624,15801
3657264937,2393
3657280774,15998
3658501034,13155
3658528898,10541
3658985747,16006
3659399640,10724
3659975899,15926
3660207637,10524
3661137407,16034
3661264943,2390
3661281649,16197
3662481080,13187
3662508541,10565
3665264933,1659
3665280671,16341
3666489669,12902
3669264949,1649
3669296476,16325
3670503207,12829
3670532668,10671
3671160651,103
3671175873,230
3671177045,142
3673264910,9766
3673280465,16192
3674499870,13079
3674670279,10585
3674893565,229
3674894736,134
3674905558,16042
3675168078,10813
3675261286,16012
3676489434,10738
3677264932,11743
3677280721,15980
3678312598,16077
3678478316,12886
3679541225,10531
3680102186,16263
3680296553,10590
3681138212,15816
3681264934,2107
3681278859,15968
3682423832,12900
3682508496,10555
3685264956,2018
3685278765,15891
3685303313,16286
3686483794,12801
3686511127,10618
3689264910,1612
3689618650,16070
3690974608,10750
3693264925,1507
3694948395,229
3694949580,135
3696307288,16058
3697006443,265
3697007397,153
3697108739,235
3697109657,143
3697116627,242
3697117567,147
3697264904,2633
3697270098,244
3697271317,143
3697278735,15828
3697534911,12891
3698533477,10562
3699181712,16027
3699732941,10557
3699783782,225
3699784943,138
3699796451,15959
3701264961,2236
3701339253,16152
3702348283,13075
3702474812,10589
3705264933,13246
3705293119,15899
3706537877,10514
3707580863,106
3707598529,246
3707599698,142
3709264894,2525
3709269484,224
3709270669,134
3709277913,16153
3710474428,10511
3713264923,3712
3713270702,227
3713271846,140
3713277785,15937
3715004371,237
3715005600,144
3715300053,10569
3716437562,15851
3716741646,10513
3717264921,2313
3717277978,15871
3717665045,10734
3719309889,16038
3719791197,10792
3720352710,16148
3720537186,10546
3721138530,15859
3721264931,1831
3721279839,15984
3722506684,13165
3723630252,10442
3725264909,1813
3725278269,15934
3726501954,10623
3727453542,16022
3727666604,16114
3728756565,13093
3729264922,2371
3730453230,10570
3733264928,1627
3733280244,15844
3734505331,10813
3735059253,251
3735060461,134
3736566836,16017
3737264953,2149
3738425676,10550
3739440494,16073
3739876155,10531
3740481429,15913
3740669278,10782
3741137737,16202
3741264919,1869
3741657412,16127
3741705739,12788
3742885997,10583
3743094412,15818
3743739607,10659
3745264935,1568
3745993457,15965
3746020446,15848
3747559462,116
3747573900,304
3747575264,175
3747715503,133
3747767805,289
3747769147,174
3749264951,2746
3753264959,2906
3754499723,12833
3754876478,105
3754886858,15903
3754903506,182
3754911320,109
3754919780,274
3754920816,172
3754968755,117
3754976987,112
3754977099,114
3754981159,278
3754982203,172
3755115845,280
3755117202,188
3755284179,278
3755285489,172
3755785596,132
3755795884,288
3755797195,171
3755953881,133
3755977247,280
3755978608,172
3756015180,109
3756046838,278
3756047871,182
3757264941,5164
3757272089,281
3757273393,172
3757858010,131
3757869853,281
3757871186,172
3757895085,106
3757907812,280
3757909124,182
3759149094,12891
3759319662,10773
3759570557,15873
3760974433,15934
3761265018,3968
3762478976,12506
3763261644,15703
3763321312,244
3763322535,142
3764530883,10782
3765264967,2275
3765280572,16400
3766478656,12811
3767274985,10575
3767367573,15924
3767483416,16359
3767548743,13060
3767882954,16457
3768729034,12770
3768757454,10624
3769264926,2109
3769279703,15812
3770489457,13039
3770511165,10787
3773264949,2567
3773280833,16181
3774492742,13110
3775130405,10767
3775170883,231
3775172050,135
3776766781,16019
3777066497,10576
3777264913,2247
3777280725,16258
3778492188,12810
3779700276,16085
3780075836,10564
3780731227,15966
3780922600,10518
3781138584,16194
3781264935,2071
3781278558,15827
3782470092,12852
3782702619,10519
3785264942,1685
3785278667,16231
3786495019,12846
3786522525,10718
3786602859,104
3786620851,242
3786622037,137
3789264920,2553
3789271411,230
3789272570,143
3789278920,15904
3790380181,110
3790439247,12732
3790460751,15582
3790544130,335
3790545201,175
3790563309,110
3790573157,277
3790574484,172
3790653857,286
3790655181,197
3790717334,280
3790718662,172
3790727794,105
3790739545,280
3790740859,171
3790765526,281
3790783548,282
3790784727,174
3790789397,105
3790802206,278
3790803392,179
3790809566,106
3790818663,277
3790819843,182
3790883005,109
3790907019,280
3790908199,175
3790908543,110
3790917910,286
3790919096,173
3790934387,107
3790947404,279
3790948591,179
3790976271,282
3790988718,280
3790989897,172
3791024147,282
3791025363,173
3791026812,108
3791043817,286
3791045008,178
3791045328,106
3791054764,276
3791055949,179
3791074292,108
3791090429,271
3791108482,276
3791109658,172
3791121124,109
3791138365,282
3791139575,174
3791185727,124
3791201091,274
3791217993,274
3791218267,169
3791226359,281
3791227530,173
3791273897,116
3791289432,282
3791290588,181
3791291428,109
3791298698,284
3791299890,195
3791356026,283
3791357220,175
3791357395,124
3791451339,343
3791452557,175
3791468206,109
3791519576,284
3791520762,170
3791522984,118
3791532720,276
3791578168,280
3791579327,183
3791583954,108
3791598313,282
3791610889,282
3791612052,178
3791612744,105
3791620888,276
3791622043,178
3791623420,109
3791635131,280
3791636314,172
3791637127,107
3791645241,279
3791646425,174
3791650570,108
3791726562,276
3791727714,175
3791729610,105
3791750641,279
3791751795,172
3791767292,283
3791768479,249
3791789198,276
3791790382,174
3791790700,107
3791804195,280
3791805357,244
3791815346,281
3791816524,173
3791847591,275
3791848769,179
3791851357,105
3791867233,276
3791868415,172
3791938971,275
3791964166,279
3791972442,285
3791973628,182
3791991997,109
3792008820,284
3792019417,284
3792030010,276
3792031157,173
3792048190,111
3792080633,290
3792092325,280
3792093480,173
3792094720,105
3792103919,274
3792112905,280
3792114091,172
3792159285,133
3792167453,278
3792168640,172
3792179855,108
3792187236,282
3792188455,173
3792193520,108
3792215445,344
3792216696,174
3792266828,118
3792747242,204
3792932709,116
3793264913,7347
3793272260,170
3794136238,323
3794143904,201
3794548390,115
3794548505,219
3794722469,149
3794789995,115
3794790110,143
3794790253,137
3794790390,145
3794790535,102
3794790637,103
3794790740,101
3794790841,112
3794790953,103
3794791056,102
3794791158,110
3794808079,275
3794809317,485
3795235799,279
3795236982,172
3797264939,6871
3797275903,279
3797277228,184
3798434863,13313
3798501331,10503
3798975759,16179
3800203652,10583
3800658438,16099
3801232869,16137
3801264940,2451
3802509138,12892
3803104286,10548
